{"type": "FeatureCollection", "name": "monitoring_chips_train", "features": [{"type": "Feature", "id": "AF_tr_000001", "properties": {"id": "AF_tr_000001", "chip_id": "AF_tr_000001", "kind": "af", "task": "af", "split": "train", "utm_zone": 37, "gsd_m": 375.0, "width": 256, "height": 256, "crs": "WGS 84 / UTM zone 37N", "source": "Мониторинг DATA · train"}, "geometry": {"type": "Polygon", "coordinates": [[[37.428873674978014, 48.52638305660792], [38.72906466171082, 48.53678604774846], [38.73356615049983, 47.67308141048665], [37.45496496820575, 47.66298709307604], [37.428873674978014, 48.52638305660792]]]}}, {"type": "Feature", "id": "AF_tr_000002", "properties": {"id": "AF_tr_000002", "chip_id": "AF_tr_000002", "kind": "af", "task": "af", "split": "train", "utm_zone": 37, "gsd_m": 375.0, "width": 256, "height": 256, "crs": "WGS 84 / UTM zone 37N", "source": "Мониторинг DATA · train"}, "geometry": {"type": "Polygon", "coordinates": [[[37.311031050337974, 51.97855405294561], [38.70873207777713, 51.99030534022883], [38.71419435538326, 51.12711907494891], [37.3426877374103, 51.115723462765644], [37.311031050337974, 51.97855405294561]]]}}, {"type": "Feature", "id": "AF_tr_000003", "properties": {"id": "AF_tr_000003", "chip_id": "AF_tr_000003", "kind": "af", "task": "af", "split": "train", "utm_zone": 37, "gsd_m": 375.0, "width": 256, "height": 256, "crs": "WGS 84 / UTM zone 37N", "source": "Мониторинг DATA · train"}, "geometry": {"type": "Polygon", "coordinates": [[[38.70873207777713, 51.99030534022883], [40.10671421422226, 51.98546582575733], [40.0859641778546, 51.1224260591292], [38.71419435538326, 51.12711907494891], [38.70873207777713, 51.99030534022883]]]}}, {"type": "Feature", "id": "AF_tr_000004", "properties": {"id": "AF_tr_000004", "chip_id": "AF_tr_000004", "kind": "af", "task": "af", "split": "train", "utm_zone": 37, "gsd_m": 375.0, "width": 256, "height": 256, "crs": "WGS 84 / UTM zone 37N", "source": "Мониторинг DATA · train"}, "geometry": {"type": "Polygon", "coordinates": [[[37.50364251782545, 45.93577269528009], [38.74196412431145, 45.945278916466506], [38.74588305338949, 45.08118054308293], [37.52635870253507, 45.07195491509202], [37.50364251782545, 45.93577269528009]]]}}, {"type": "Feature", "id": "AF_tr_000005", "properties": {"id": "AF_tr_000005", "chip_id": "AF_tr_000005", "kind": "af", "task": "af", "split": "train", "utm_zone": 37, "gsd_m": 375.0, "width": 256, "height": 256, "crs": "WGS 84 / UTM zone 37N", "source": "Мониторинг DATA · train"}, "geometry": {"type": "Polygon", "coordinates": [[[37.428873674978014, 48.52638305660792], [38.72906466171082, 48.53678604774846], [38.73356615049983, 47.67308141048665], [37.45496496820575, 47.66298709307604], [37.428873674978014, 48.52638305660792]]]}}, {"type": "Feature", "id": "AF_tr_000006", "properties": {"id": "AF_tr_000006", "chip_id": "AF_tr_000006", "kind": "af", "task": "af", "split": "train", "utm_zone": 37, "gsd_m": 375.0, "width": 256, "height": 256, "crs": "WGS 84 / UTM zone 37N", "source": "Мониторинг DATA · train"}, "geometry": {"type": "Polygon", "coordinates": [[[37.372818454529856, 50.25275138051406], [38.719393173472845, 50.26380427206238], [38.72434493331615, 49.40036015153286], [37.40151811207814, 49.389637874228825], [37.372818454529856, 50.25275138051406]]]}}, {"type": "Feature", "id": "AF_tr_000007", "properties": {"id": "AF_tr_000007", "chip_id": "AF_tr_000007", "kind": "af", "task": "af", "split": "train", "utm_zone": 38, "gsd_m": 375.0, "width": 256, "height": 256, "crs": "WGS 84 / UTM zone 38N", "source": "Мониторинг DATA · train"}, "geometry": {"type": "Polygon", "coordinates": [[[44.72906466171082, 48.53678604774846], [46.029473703042434, 48.53250187122371], [46.012372725710755, 47.668924367087534], [44.73356615049983, 47.67308141048665], [44.72906466171082, 48.53678604774846]]]}}, {"type": "Feature", "id": "AF_tr_000008", "properties": {"id": "AF_tr_000008", "chip_id": "AF_tr_000008", "kind": "af", "task": "af", "split": "train", "utm_zone": 37, "gsd_m": 375.0, "width": 256, "height": 256, "crs": "WGS 84 / UTM zone 37N", "source": "Мониторинг DATA · train"}, "geometry": {"type": "Polygon", "coordinates": [[[37.50364251782545, 45.93577269528009], [38.74196412431145, 45.945278916466506], [38.74588305338949, 45.08118054308293], [37.52635870253507, 45.07195491509202], [37.50364251782545, 45.93577269528009]]]}}, {"type": "Feature", "id": "AF_tr_000009", "properties": {"id": "AF_tr_000009", "chip_id": "AF_tr_000009", "kind": "af", "task": "af", "split": "train", "utm_zone": 37, "gsd_m": 375.0, "width": 256, "height": 256, "crs": "WGS 84 / UTM zone 37N", "source": "Мониторинг DATA · train"}, "geometry": {"type": "Polygon", "coordinates": [[[41.55293538309465, 52.826279394963805], [42.97476032903755, 52.78713616784348], [42.89813355031119, 51.92609439036883], [41.503628768481356, 51.96404629133559], [41.55293538309465, 52.826279394963805]]]}}, {"type": "Feature", "id": "AF_tr_000010", "properties": {"id": "AF_tr_000010", "chip_id": "AF_tr_000010", "kind": "af", "task": "af", "split": "train", "utm_zone": 38, "gsd_m": 375.0, "width": 256, "height": 256, "crs": "WGS 84 / UTM zone 38N", "source": "Мониторинг DATA · train"}, "geometry": {"type": "Polygon", "coordinates": [[[40.521850321640926, 51.905420512022324], [41.91495811232081, 51.95023813464002], [41.97270561053398, 51.08826385025585], [40.60550038843674, 51.044799461288115], [40.521850321640926, 51.905420512022324]]]}}, {"type": "Feature", "id": "AF_tr_000011", "properties": {"id": "AF_tr_000011", "chip_id": "AF_tr_000011", "kind": "af", "task": "af", "split": "train", "utm_zone": 38, "gsd_m": 375.0, "width": 256, "height": 256, "crs": "WGS 84 / UTM zone 38N", "source": "Мониторинг DATA · train"}, "geometry": {"type": "Polygon", "coordinates": [[[41.85424240713865, 52.812037550553406], [43.27774462005015, 52.84124311849035], [43.311031050337974, 51.97855405294561], [41.91495811232081, 51.95023813464002], [41.85424240713865, 52.812037550553406]]]}}, {"type": "Feature", "id": "AF_tr_000012", "properties": {"id": "AF_tr_000012", "chip_id": "AF_tr_000012", "kind": "af", "task": "af", "split": "train", "utm_zone": 38, "gsd_m": 375.0, "width": 256, "height": 256, "crs": "WGS 84 / UTM zone 38N", "source": "Мониторинг DATA · train"}, "geometry": {"type": "Polygon", "coordinates": [[[41.7903519726391, 53.67365966308021], [43.242714762523796, 53.70379065183828], [43.27774462005015, 52.84124311849035], [41.85424240713865, 52.812037550553406], [41.7903519726391, 53.67365966308021]]]}}, {"type": "Feature", "id": "AF_tr_000013", "properties": {"id": "AF_tr_000013", "chip_id": "AF_tr_000013", "kind": "af", "task": "af", "split": "train", "utm_zone": 37, "gsd_m": 375.0, "width": 256, "height": 256, "crs": "WGS 84 / UTM zone 37N", "source": "Мониторинг DATA · train"}, "geometry": {"type": "Polygon", "coordinates": [[[37.52635870253507, 45.07195491509202], [38.74588305338949, 45.08118054308293], [38.74962881194533, 44.21695060400904], [37.54807151969758, 44.20799730740711], [37.52635870253507, 45.07195491509202]]]}}, {"type": "Feature", "id": "AF_tr_000014", "properties": {"id": "AF_tr_000014", "chip_id": "AF_tr_000014", "kind": "af", "task": "af", "split": "train", "utm_zone": 37, "gsd_m": 375.0, "width": 256, "height": 256, "crs": "WGS 84 / UTM zone 37N", "source": "Мониторинг DATA · train"}, "geometry": {"type": "Polygon", "coordinates": [[[37.50364251782545, 45.93577269528009], [38.74196412431145, 45.945278916466506], [38.74588305338949, 45.08118054308293], [37.52635870253507, 45.07195491509202], [37.50364251782545, 45.93577269528009]]]}}, {"type": "Feature", "id": "AF_tr_000015", "properties": {"id": "AF_tr_000015", "chip_id": "AF_tr_000015", "kind": "af", "task": "af", "split": "train", "utm_zone": 37, "gsd_m": 375.0, "width": 256, "height": 256, "crs": "WGS 84 / UTM zone 37N", "source": "Мониторинг DATA · train"}, "geometry": {"type": "Polygon", "coordinates": [[[38.70298840597799, 52.85336396126462], [40.128532916002136, 52.84837222877786], [40.10671421422226, 51.98546582575733], [38.70873207777713, 51.99030534022883], [38.70298840597799, 52.85336396126462]]]}}, {"type": "Feature", "id": "AF_tr_000016", "properties": {"id": "AF_tr_000016", "chip_id": "AF_tr_000016", "kind": "af", "task": "af", "split": "train", "utm_zone": 38, "gsd_m": 375.0, "width": 256, "height": 256, "crs": "WGS 84 / UTM zone 38N", "source": "Мониторинг DATA · train"}, "geometry": {"type": "Polygon", "coordinates": [[[41.91495811232081, 51.95023813464002], [43.311031050337974, 51.97855405294561], [43.3426877374103, 51.115723462765644], [41.97270561053398, 51.08826385025585], [41.91495811232081, 51.95023813464002]]]}}, {"type": "Feature", "id": "AF_tr_000017", "properties": {"id": "AF_tr_000017", "chip_id": "AF_tr_000017", "kind": "af", "task": "af", "split": "train", "utm_zone": 38, "gsd_m": 375.0, "width": 256, "height": 256, "crs": "WGS 84 / UTM zone 38N", "source": "Мониторинг DATA · train"}, "geometry": {"type": "Polygon", "coordinates": [[[44.719393173472845, 50.26380427206238], [46.0662147220547, 50.25925241720276], [46.04740358058268, 49.39594446950651], [44.72434493331615, 49.40036015153286], [44.719393173472845, 50.26380427206238]]]}}, {"type": "Feature", "id": "AF_tr_000018", "properties": {"id": "AF_tr_000018", "chip_id": "AF_tr_000018", "kind": "af", "task": "af", "split": "train", "utm_zone": 38, "gsd_m": 375.0, "width": 256, "height": 256, "crs": "WGS 84 / UTM zone 38N", "source": "Мониторинг DATA · train"}, "geometry": {"type": "Polygon", "coordinates": [[[46.029473703042434, 48.53250187122371], [47.32905454692745, 48.51353904721816], [47.290399177935114, 47.650524020028996], [46.012372725710755, 47.668924367087534], [46.029473703042434, 48.53250187122371]]]}}, {"type": "Feature", "id": "AF_tr_000019", "properties": {"id": "AF_tr_000019", "chip_id": "AF_tr_000019", "kind": "af", "task": "af", "split": "train", "utm_zone": 38, "gsd_m": 375.0, "width": 256, "height": 256, "crs": "WGS 84 / UTM zone 38N", "source": "Мониторинг DATA · train"}, "geometry": {"type": "Polygon", "coordinates": [[[46.04740358058268, 49.39594446950651], [47.369581744207984, 49.37639984805247], [47.32905454692745, 48.51353904721816], [46.029473703042434, 48.53250187122371], [46.04740358058268, 49.39594446950651]]]}}, {"type": "Feature", "id": "AF_tr_000020", "properties": {"id": "AF_tr_000020", "chip_id": "AF_tr_000020", "kind": "af", "task": "af", "split": "train", "utm_zone": 37, "gsd_m": 375.0, "width": 256, "height": 256, "crs": "WGS 84 / UTM zone 37N", "source": "Мониторинг DATA · train"}, "geometry": {"type": "Polygon", "coordinates": [[[37.40151811207814, 49.389637874228825], [38.72434493331615, 49.40036015153286], [38.72906466171082, 48.53678604774846], [37.428873674978014, 48.52638305660792], [37.40151811207814, 49.389637874228825]]]}}, {"type": "Feature", "id": "AF_tr_000021", "properties": {"id": "AF_tr_000021", "chip_id": "AF_tr_000021", "kind": "af", "task": "af", "split": "train", "utm_zone": 37, "gsd_m": 375.0, "width": 256, "height": 256, "crs": "WGS 84 / UTM zone 37N", "source": "Мониторинг DATA · train"}, "geometry": {"type": "Polygon", "coordinates": [[[37.372818454529856, 50.25275138051406], [38.719393173472845, 50.26380427206238], [38.72434493331615, 49.40036015153286], [37.40151811207814, 49.389637874228825], [37.372818454529856, 50.25275138051406]]]}}, {"type": "Feature", "id": "AF_tr_000022", "properties": {"id": "AF_tr_000022", "chip_id": "AF_tr_000022", "kind": "af", "task": "af", "split": "train", "utm_zone": 38, "gsd_m": 375.0, "width": 256, "height": 256, "crs": "WGS 84 / UTM zone 38N", "source": "Мониторинг DATA · train"}, "geometry": {"type": "Polygon", "coordinates": [[[42.222991102593575, 46.77584351989473], [43.47986538598567, 46.799450208872635], [43.50364251782545, 45.93577269528009], [42.26638106455281, 45.912862969755935], [42.222991102593575, 46.77584351989473]]]}}, {"type": "Feature", "id": "AF_tr_000023", "properties": {"id": "AF_tr_000023", "chip_id": "AF_tr_000023", "kind": "af", "task": "af", "split": "train", "utm_zone": 38, "gsd_m": 375.0, "width": 256, "height": 256, "crs": "WGS 84 / UTM zone 38N", "source": "Мониторинг DATA · train"}, "geometry": {"type": "Polygon", "coordinates": [[[46.029473703042434, 48.53250187122371], [47.32905454692745, 48.51353904721816], [47.290399177935114, 47.650524020028996], [46.012372725710755, 47.668924367087534], [46.029473703042434, 48.53250187122371]]]}}, {"type": "Feature", "id": "AF_tr_000024", "properties": {"id": "AF_tr_000024", "chip_id": "AF_tr_000024", "kind": "af", "task": "af", "split": "train", "utm_zone": 37, "gsd_m": 375.0, "width": 256, "height": 256, "crs": "WGS 84 / UTM zone 37N", "source": "Мониторинг DATA · train"}, "geometry": {"type": "Polygon", "coordinates": [[[37.50364251782545, 45.93577269528009], [38.74196412431145, 45.945278916466506], [38.74588305338949, 45.08118054308293], [37.52635870253507, 45.07195491509202], [37.50364251782545, 45.93577269528009]]]}}, {"type": "Feature", "id": "AF_tr_000025", "properties": {"id": "AF_tr_000025", "chip_id": "AF_tr_000025", "kind": "af", "task": "af", "split": "train", "utm_zone": 37, "gsd_m": 375.0, "width": 256, "height": 256, "crs": "WGS 84 / UTM zone 37N", "source": "Мониторинг DATA · train"}, "geometry": {"type": "Polygon", "coordinates": [[[37.47986538598567, 46.799450208872635], [38.737862079383504, 46.809245805748745], [38.74196412431145, 45.945278916466506], [37.50364251782545, 45.93577269528009], [37.47986538598567, 46.799450208872635]]]}}, {"type": "Feature", "id": "AF_tr_000026", "properties": {"id": "AF_tr_000026", "chip_id": "AF_tr_000026", "kind": "af", "task": "af", "split": "train", "utm_zone": 37, "gsd_m": 375.0, "width": 256, "height": 256, "crs": "WGS 84 / UTM zone 37N", "source": "Мониторинг DATA · train"}, "geometry": {"type": "Polygon", "coordinates": [[[37.428873674978014, 48.52638305660792], [38.72906466171082, 48.53678604774846], [38.73356615049983, 47.67308141048665], [37.45496496820575, 47.66298709307604], [37.428873674978014, 48.52638305660792]]]}}, {"type": "Feature", "id": "AF_tr_000027", "properties": {"id": "AF_tr_000027", "chip_id": "AF_tr_000027", "kind": "af", "task": "af", "split": "train", "utm_zone": 37, "gsd_m": 375.0, "width": 256, "height": 256, "crs": "WGS 84 / UTM zone 37N", "source": "Мониторинг DATA · train"}, "geometry": {"type": "Polygon", "coordinates": [[[38.74588305338949, 45.08118054308293], [39.965580450441, 45.07738127887619], [39.95134996342069, 44.21326350042508], [38.74962881194533, 44.21695060400904], [38.74588305338949, 45.08118054308293]]]}}, {"type": "Feature", "id": "AF_tr_000028", "properties": {"id": "AF_tr_000028", "chip_id": "AF_tr_000028", "kind": "af", "task": "af", "split": "train", "utm_zone": 37, "gsd_m": 375.0, "width": 256, "height": 256, "crs": "WGS 84 / UTM zone 37N", "source": "Мониторинг DATA · train"}, "geometry": {"type": "Polygon", "coordinates": [[[38.74196412431145, 45.945278916466506], [39.98046870974709, 45.94136408799433], [39.965580450441, 45.07738127887619], [38.74588305338949, 45.08118054308293], [38.74196412431145, 45.945278916466506]]]}}, {"type": "Feature", "id": "AF_tr_000029", "properties": {"id": "AF_tr_000029", "chip_id": "AF_tr_000029", "kind": "af", "task": "af", "split": "train", "utm_zone": 37, "gsd_m": 375.0, "width": 256, "height": 256, "crs": "WGS 84 / UTM zone 37N", "source": "Мониторинг DATA · train"}, "geometry": {"type": "Polygon", "coordinates": [[[40.0662147220547, 50.25925241720276], [41.41209882466145, 50.239105376228665], [41.369581744207984, 49.37639984805247], [40.04740358058268, 49.39594446950651], [40.0662147220547, 50.25925241720276]]]}}, {"type": "Feature", "id": "AF_tr_000030", "properties": {"id": "AF_tr_000030", "chip_id": "AF_tr_000030", "kind": "af", "task": "af", "split": "train", "utm_zone": 38, "gsd_m": 375.0, "width": 256, "height": 256, "crs": "WGS 84 / UTM zone 38N", "source": "Мониторинг DATA · train"}, "geometry": {"type": "Polygon", "coordinates": [[[42.222991102593575, 46.77584351989473], [43.47986538598567, 46.799450208872635], [43.50364251782545, 45.93577269528009], [42.26638106455281, 45.912862969755935], [42.222991102593575, 46.77584351989473]]]}}, {"type": "Feature", "id": "AF_tr_000031", "properties": {"id": "AF_tr_000031", "chip_id": "AF_tr_000031", "kind": "af", "task": "af", "split": "train", "utm_zone": 38, "gsd_m": 375.0, "width": 256, "height": 256, "crs": "WGS 84 / UTM zone 38N", "source": "Мониторинг DATA · train"}, "geometry": {"type": "Polygon", "coordinates": [[[42.12994588503688, 48.50131358048791], [43.428873674978014, 48.52638305660792], [43.45496496820575, 47.66298709307604], [42.17755369296443, 47.63866097384442], [42.12994588503688, 48.50131358048791]]]}}, {"type": "Feature", "id": "AF_tr_000032", "properties": {"id": "AF_tr_000032", "chip_id": "AF_tr_000032", "kind": "af", "task": "af", "split": "train", "utm_zone": 38, "gsd_m": 375.0, "width": 256, "height": 256, "crs": "WGS 84 / UTM zone 38N", "source": "Мониторинг DATA · train"}, "geometry": {"type": "Polygon", "coordinates": [[[43.372818454529856, 50.25275138051406], [44.719393173472845, 50.26380427206238], [44.72434493331615, 49.40036015153286], [43.40151811207814, 49.389637874228825], [43.372818454529856, 50.25275138051406]]]}}, {"type": "Feature", "id": "AF_tr_000033", "properties": {"id": "AF_tr_000033", "chip_id": "AF_tr_000033", "kind": "af", "task": "af", "split": "train", "utm_zone": 37, "gsd_m": 375.0, "width": 256, "height": 256, "crs": "WGS 84 / UTM zone 37N", "source": "Мониторинг DATA · train"}, "geometry": {"type": "Polygon", "coordinates": [[[37.311031050337974, 51.97855405294561], [38.70873207777713, 51.99030534022883], [38.71419435538326, 51.12711907494891], [37.3426877374103, 51.115723462765644], [37.311031050337974, 51.97855405294561]]]}}, {"type": "Feature", "id": "AF_tr_000034", "properties": {"id": "AF_tr_000034", "chip_id": "AF_tr_000034", "kind": "af", "task": "af", "split": "train", "utm_zone": 37, "gsd_m": 375.0, "width": 256, "height": 256, "crs": "WGS 84 / UTM zone 37N", "source": "Мониторинг DATA · train"}, "geometry": {"type": "Polygon", "coordinates": [[[37.242714762523796, 53.70379065183828], [38.6969436903302, 53.71629594350895], [38.70298840597799, 52.85336396126462], [37.27774462005015, 52.84124311849035], [37.242714762523796, 53.70379065183828]]]}}, {"type": "Feature", "id": "AF_tr_000035", "properties": {"id": "AF_tr_000035", "chip_id": "AF_tr_000035", "kind": "af", "task": "af", "split": "train", "utm_zone": 37, "gsd_m": 375.0, "width": 256, "height": 256, "crs": "WGS 84 / UTM zone 37N", "source": "Мониторинг DATA · train"}, "geometry": {"type": "Polygon", "coordinates": [[[38.70298840597799, 52.85336396126462], [40.128532916002136, 52.84837222877786], [40.10671421422226, 51.98546582575733], [38.70873207777713, 51.99030534022883], [38.70298840597799, 52.85336396126462]]]}}, {"type": "Feature", "id": "AF_tr_000036", "properties": {"id": "AF_tr_000036", "chip_id": "AF_tr_000036", "kind": "af", "task": "af", "split": "train", "utm_zone": 37, "gsd_m": 375.0, "width": 256, "height": 256, "crs": "WGS 84 / UTM zone 37N", "source": "Мониторинг DATA · train"}, "geometry": {"type": "Polygon", "coordinates": [[[40.0859641778546, 51.1224260591292], [41.45673438841302, 51.101654561186145], [41.41209882466145, 50.239105376228665], [40.0662147220547, 50.25925241720276], [40.0859641778546, 51.1224260591292]]]}}, {"type": "Feature", "id": "AF_tr_000037", "properties": {"id": "AF_tr_000037", "chip_id": "AF_tr_000037", "kind": "af", "task": "af", "split": "train", "utm_zone": 38, "gsd_m": 375.0, "width": 256, "height": 256, "crs": "WGS 84 / UTM zone 38N", "source": "Мониторинг DATA · train"}, "geometry": {"type": "Polygon", "coordinates": [[[40.521850321640926, 51.905420512022324], [41.91495811232081, 51.95023813464002], [41.97270561053398, 51.08826385025585], [40.60550038843674, 51.044799461288115], [40.521850321640926, 51.905420512022324]]]}}, {"type": "Feature", "id": "AF_tr_000038", "properties": {"id": "AF_tr_000038", "chip_id": "AF_tr_000038", "kind": "af", "task": "af", "split": "train", "utm_zone": 37, "gsd_m": 375.0, "width": 256, "height": 256, "crs": "WGS 84 / UTM zone 37N", "source": "Мониторинг DATA · train"}, "geometry": {"type": "Polygon", "coordinates": [[[37.52635870253507, 45.07195491509202], [38.74588305338949, 45.08118054308293], [38.74962881194533, 44.21695060400904], [37.54807151969758, 44.20799730740711], [37.52635870253507, 45.07195491509202]]]}}, {"type": "Feature", "id": "AF_tr_000039", "properties": {"id": "AF_tr_000039", "chip_id": "AF_tr_000039", "kind": "af", "task": "af", "split": "train", "utm_zone": 37, "gsd_m": 375.0, "width": 256, "height": 256, "crs": "WGS 84 / UTM zone 37N", "source": "Мониторинг DATA · train"}, "geometry": {"type": "Polygon", "coordinates": [[[37.50364251782545, 45.93577269528009], [38.74196412431145, 45.945278916466506], [38.74588305338949, 45.08118054308293], [37.52635870253507, 45.07195491509202], [37.50364251782545, 45.93577269528009]]]}}, {"type": "Feature", "id": "AF_tr_000040", "properties": {"id": "AF_tr_000040", "chip_id": "AF_tr_000040", "kind": "af", "task": "af", "split": "train", "utm_zone": 37, "gsd_m": 375.0, "width": 256, "height": 256, "crs": "WGS 84 / UTM zone 37N", "source": "Мониторинг DATA · train"}, "geometry": {"type": "Polygon", "coordinates": [[[37.3426877374103, 51.115723462765644], [38.71419435538326, 51.12711907494891], [38.719393173472845, 50.26380427206238], [37.372818454529856, 50.25275138051406], [37.3426877374103, 51.115723462765644]]]}}, {"type": "Feature", "id": "AF_tr_000041", "properties": {"id": "AF_tr_000041", "chip_id": "AF_tr_000041", "kind": "af", "task": "af", "split": "train", "utm_zone": 37, "gsd_m": 375.0, "width": 256, "height": 256, "crs": "WGS 84 / UTM zone 37N", "source": "Мониторинг DATA · train"}, "geometry": {"type": "Polygon", "coordinates": [[[39.965580450441, 45.07738127887619], [41.184620547490965, 45.06056397730613], [41.15244870054454, 44.19694250367341], [39.95134996342069, 44.21326350042508], [39.965580450441, 45.07738127887619]]]}}, {"type": "Feature", "id": "AF_tr_000042", "properties": {"id": "AF_tr_000042", "chip_id": "AF_tr_000042", "kind": "af", "task": "af", "split": "train", "utm_zone": 38, "gsd_m": 375.0, "width": 256, "height": 256, "crs": "WGS 84 / UTM zone 38N", "source": "Мониторинг DATA · train"}, "geometry": {"type": "Polygon", "coordinates": [[[42.12994588503688, 48.50131358048791], [43.428873674978014, 48.52638305660792], [43.45496496820575, 47.66298709307604], [42.17755369296443, 47.63866097384442], [42.12994588503688, 48.50131358048791]]]}}, {"type": "Feature", "id": "AF_tr_000043", "properties": {"id": "AF_tr_000043", "chip_id": "AF_tr_000043", "kind": "af", "task": "af", "split": "train", "utm_zone": 37, "gsd_m": 375.0, "width": 256, "height": 256, "crs": "WGS 84 / UTM zone 37N", "source": "Мониторинг DATA · train"}, "geometry": {"type": "Polygon", "coordinates": [[[37.47986538598567, 46.799450208872635], [38.737862079383504, 46.809245805748745], [38.74196412431145, 45.945278916466506], [37.50364251782545, 45.93577269528009], [37.47986538598567, 46.799450208872635]]]}}, {"type": "Feature", "id": "AF_tr_000044", "properties": {"id": "AF_tr_000044", "chip_id": "AF_tr_000044", "kind": "af", "task": "af", "split": "train", "utm_zone": 37, "gsd_m": 375.0, "width": 256, "height": 256, "crs": "WGS 84 / UTM zone 37N", "source": "Мониторинг DATA · train"}, "geometry": {"type": "Polygon", "coordinates": [[[37.45496496820575, 47.66298709307604], [38.73356615049983, 47.67308141048665], [38.737862079383504, 46.809245805748745], [37.47986538598567, 46.799450208872635], [37.45496496820575, 47.66298709307604]]]}}, {"type": "Feature", "id": "AF_tr_000045", "properties": {"id": "AF_tr_000045", "chip_id": "AF_tr_000045", "kind": "af", "task": "af", "split": "train", "utm_zone": 37, "gsd_m": 375.0, "width": 256, "height": 256, "crs": "WGS 84 / UTM zone 37N", "source": "Мониторинг DATA · train"}, "geometry": {"type": "Polygon", "coordinates": [[[37.428873674978014, 48.52638305660792], [38.72906466171082, 48.53678604774846], [38.73356615049983, 47.67308141048665], [37.45496496820575, 47.66298709307604], [37.428873674978014, 48.52638305660792]]]}}, {"type": "Feature", "id": "AF_tr_000046", "properties": {"id": "AF_tr_000046", "chip_id": "AF_tr_000046", "kind": "af", "task": "af", "split": "train", "utm_zone": 37, "gsd_m": 375.0, "width": 256, "height": 256, "crs": "WGS 84 / UTM zone 37N", "source": "Мониторинг DATA · train"}, "geometry": {"type": "Polygon", "coordinates": [[[38.74588305338949, 45.08118054308293], [39.965580450441, 45.07738127887619], [39.95134996342069, 44.21326350042508], [38.74962881194533, 44.21695060400904], [38.74588305338949, 45.08118054308293]]]}}, {"type": "Feature", "id": "AF_tr_000047", "properties": {"id": "AF_tr_000047", "chip_id": "AF_tr_000047", "kind": "af", "task": "af", "split": "train", "utm_zone": 37, "gsd_m": 375.0, "width": 256, "height": 256, "crs": "WGS 84 / UTM zone 37N", "source": "Мониторинг DATA · train"}, "geometry": {"type": "Polygon", "coordinates": [[[37.372818454529856, 50.25275138051406], [38.719393173472845, 50.26380427206238], [38.72434493331615, 49.40036015153286], [37.40151811207814, 49.389637874228825], [37.372818454529856, 50.25275138051406]]]}}, {"type": "Feature", "id": "AF_tr_000048", "properties": {"id": "AF_tr_000048", "chip_id": "AF_tr_000048", "kind": "af", "task": "af", "split": "train", "utm_zone": 37, "gsd_m": 375.0, "width": 256, "height": 256, "crs": "WGS 84 / UTM zone 37N", "source": "Мониторинг DATA · train"}, "geometry": {"type": "Polygon", "coordinates": [[[37.311031050337974, 51.97855405294561], [38.70873207777713, 51.99030534022883], [38.71419435538326, 51.12711907494891], [37.3426877374103, 51.115723462765644], [37.311031050337974, 51.97855405294561]]]}}, {"type": "Feature", "id": "AF_tr_000049", "properties": {"id": "AF_tr_000049", "chip_id": "AF_tr_000049", "kind": "af", "task": "af", "split": "train", "utm_zone": 37, "gsd_m": 375.0, "width": 256, "height": 256, "crs": "WGS 84 / UTM zone 37N", "source": "Мониторинг DATA · train"}, "geometry": {"type": "Polygon", "coordinates": [[[38.71419435538326, 51.12711907494891], [40.0859641778546, 51.1224260591292], [40.0662147220547, 50.25925241720276], [38.719393173472845, 50.26380427206238], [38.71419435538326, 51.12711907494891]]]}}, {"type": "Feature", "id": "AF_tr_000050", "properties": {"id": "AF_tr_000050", "chip_id": "AF_tr_000050", "kind": "af", "task": "af", "split": "train", "utm_zone": 37, "gsd_m": 375.0, "width": 256, "height": 256, "crs": "WGS 84 / UTM zone 37N", "source": "Мониторинг DATA · train"}, "geometry": {"type": "Polygon", "coordinates": [[[38.70298840597799, 52.85336396126462], [40.128532916002136, 52.84837222877786], [40.10671421422226, 51.98546582575733], [38.70873207777713, 51.99030534022883], [38.70298840597799, 52.85336396126462]]]}}, {"type": "Feature", "id": "AF_tr_000051", "properties": {"id": "AF_tr_000051", "chip_id": "AF_tr_000051", "kind": "af", "task": "af", "split": "train", "utm_zone": 37, "gsd_m": 375.0, "width": 256, "height": 256, "crs": "WGS 84 / UTM zone 37N", "source": "Мониторинг DATA · train"}, "geometry": {"type": "Polygon", "coordinates": [[[38.6969436903302, 53.71629594350895], [40.151494875203916, 53.711145856053065], [40.128532916002136, 52.84837222877786], [38.70298840597799, 52.85336396126462], [38.6969436903302, 53.71629594350895]]]}}, {"type": "Feature", "id": "AF_tr_000052", "properties": {"id": "AF_tr_000052", "chip_id": "AF_tr_000052", "kind": "af", "task": "af", "split": "train", "utm_zone": 38, "gsd_m": 375.0, "width": 256, "height": 256, "crs": "WGS 84 / UTM zone 38N", "source": "Мониторинг DATA · train"}, "geometry": {"type": "Polygon", "coordinates": [[[44.719393173472845, 50.26380427206238], [46.0662147220547, 50.25925241720276], [46.04740358058268, 49.39594446950651], [44.72434493331615, 49.40036015153286], [44.719393173472845, 50.26380427206238]]]}}, {"type": "Feature", "id": "AF_tr_000053", "properties": {"id": "AF_tr_000053", "chip_id": "AF_tr_000053", "kind": "af", "task": "af", "split": "train", "utm_zone": 37, "gsd_m": 375.0, "width": 256, "height": 256, "crs": "WGS 84 / UTM zone 37N", "source": "Мониторинг DATA · train"}, "geometry": {"type": "Polygon", "coordinates": [[[37.52635870253507, 45.07195491509202], [38.74588305338949, 45.08118054308293], [38.74962881194533, 44.21695060400904], [37.54807151969758, 44.20799730740711], [37.52635870253507, 45.07195491509202]]]}}, {"type": "Feature", "id": "AF_tr_000054", "properties": {"id": "AF_tr_000054", "chip_id": "AF_tr_000054", "kind": "af", "task": "af", "split": "train", "utm_zone": 37, "gsd_m": 375.0, "width": 256, "height": 256, "crs": "WGS 84 / UTM zone 37N", "source": "Мониторинг DATA · train"}, "geometry": {"type": "Polygon", "coordinates": [[[37.50364251782545, 45.93577269528009], [38.74196412431145, 45.945278916466506], [38.74588305338949, 45.08118054308293], [37.52635870253507, 45.07195491509202], [37.50364251782545, 45.93577269528009]]]}}, {"type": "Feature", "id": "AF_tr_000055", "properties": {"id": "AF_tr_000055", "chip_id": "AF_tr_000055", "kind": "af", "task": "af", "split": "train", "utm_zone": 37, "gsd_m": 375.0, "width": 256, "height": 256, "crs": "WGS 84 / UTM zone 37N", "source": "Мониторинг DATA · train"}, "geometry": {"type": "Polygon", "coordinates": [[[37.47986538598567, 46.799450208872635], [38.737862079383504, 46.809245805748745], [38.74196412431145, 45.945278916466506], [37.50364251782545, 45.93577269528009], [37.47986538598567, 46.799450208872635]]]}}, {"type": "Feature", "id": "AF_tr_000056", "properties": {"id": "AF_tr_000056", "chip_id": "AF_tr_000056", "kind": "af", "task": "af", "split": "train", "utm_zone": 38, "gsd_m": 375.0, "width": 256, "height": 256, "crs": "WGS 84 / UTM zone 38N", "source": "Мониторинг DATA · train"}, "geometry": {"type": "Polygon", "coordinates": [[[40.521850321640926, 51.905420512022324], [41.91495811232081, 51.95023813464002], [41.97270561053398, 51.08826385025585], [40.60550038843674, 51.044799461288115], [40.521850321640926, 51.905420512022324]]]}}, {"type": "Feature", "id": "AF_tr_000057", "properties": {"id": "AF_tr_000057", "chip_id": "AF_tr_000057", "kind": "af", "task": "af", "split": "train", "utm_zone": 38, "gsd_m": 375.0, "width": 256, "height": 256, "crs": "WGS 84 / UTM zone 38N", "source": "Мониторинг DATA · train"}, "geometry": {"type": "Polygon", "coordinates": [[[46.151494875203916, 53.711145856053065], [47.6048222798915, 53.68835261844834], [47.55293538309465, 52.826279394963805], [46.128532916002136, 52.84837222877786], [46.151494875203916, 53.711145856053065]]]}}, {"type": "Feature", "id": "AF_tr_000058", "properties": {"id": "AF_tr_000058", "chip_id": "AF_tr_000058", "kind": "af", "task": "af", "split": "train", "utm_zone": 37, "gsd_m": 375.0, "width": 256, "height": 256, "crs": "WGS 84 / UTM zone 37N", "source": "Мониторинг DATA · train"}, "geometry": {"type": "Polygon", "coordinates": [[[37.47986538598567, 46.799450208872635], [38.737862079383504, 46.809245805748745], [38.74196412431145, 45.945278916466506], [37.50364251782545, 45.93577269528009], [37.47986538598567, 46.799450208872635]]]}}, {"type": "Feature", "id": "AF_tr_000059", "properties": {"id": "AF_tr_000059", "chip_id": "AF_tr_000059", "kind": "af", "task": "af", "split": "train", "utm_zone": 37, "gsd_m": 375.0, "width": 256, "height": 256, "crs": "WGS 84 / UTM zone 37N", "source": "Мониторинг DATA · train"}, "geometry": {"type": "Polygon", "coordinates": [[[37.311031050337974, 51.97855405294561], [38.70873207777713, 51.99030534022883], [38.71419435538326, 51.12711907494891], [37.3426877374103, 51.115723462765644], [37.311031050337974, 51.97855405294561]]]}}, {"type": "Feature", "id": "AF_tr_000060", "properties": {"id": "AF_tr_000060", "chip_id": "AF_tr_000060", "kind": "af", "task": "af", "split": "train", "utm_zone": 37, "gsd_m": 375.0, "width": 256, "height": 256, "crs": "WGS 84 / UTM zone 37N", "source": "Мониторинг DATA · train"}, "geometry": {"type": "Polygon", "coordinates": [[[38.6969436903302, 53.71629594350895], [40.151494875203916, 53.711145856053065], [40.128532916002136, 52.84837222877786], [38.70298840597799, 52.85336396126462], [38.6969436903302, 53.71629594350895]]]}}, {"type": "Feature", "id": "AF_tr_000061", "properties": {"id": "AF_tr_000061", "chip_id": "AF_tr_000061", "kind": "af", "task": "af", "split": "train", "utm_zone": 37, "gsd_m": 375.0, "width": 256, "height": 256, "crs": "WGS 84 / UTM zone 37N", "source": "Мониторинг DATA · train"}, "geometry": {"type": "Polygon", "coordinates": [[[40.10671421422226, 51.98546582575733], [41.503628768481356, 51.96404629133559], [41.45673438841302, 51.101654561186145], [40.0859641778546, 51.1224260591292], [40.10671421422226, 51.98546582575733]]]}}, {"type": "Feature", "id": "AF_tr_000062", "properties": {"id": "AF_tr_000062", "chip_id": "AF_tr_000062", "kind": "af", "task": "af", "split": "train", "utm_zone": 38, "gsd_m": 375.0, "width": 256, "height": 256, "crs": "WGS 84 / UTM zone 38N", "source": "Мониторинг DATA · train"}, "geometry": {"type": "Polygon", "coordinates": [[[40.521850321640926, 51.905420512022324], [41.91495811232081, 51.95023813464002], [41.97270561053398, 51.08826385025585], [40.60550038843674, 51.044799461288115], [40.521850321640926, 51.905420512022324]]]}}, {"type": "Feature", "id": "AF_tr_000063", "properties": {"id": "AF_tr_000063", "chip_id": "AF_tr_000063", "kind": "af", "task": "af", "split": "train", "utm_zone": 37, "gsd_m": 375.0, "width": 256, "height": 256, "crs": "WGS 84 / UTM zone 37N", "source": "Мониторинг DATA · train"}, "geometry": {"type": "Polygon", "coordinates": [[[40.10671421422226, 51.98546582575733], [41.503628768481356, 51.96404629133559], [41.45673438841302, 51.101654561186145], [40.0859641778546, 51.1224260591292], [40.10671421422226, 51.98546582575733]]]}}, {"type": "Feature", "id": "AF_tr_000064", "properties": {"id": "AF_tr_000064", "chip_id": "AF_tr_000064", "kind": "af", "task": "af", "split": "train", "utm_zone": 38, "gsd_m": 375.0, "width": 256, "height": 256, "crs": "WGS 84 / UTM zone 38N", "source": "Мониторинг DATA · train"}, "geometry": {"type": "Polygon", "coordinates": [[[41.97270561053398, 51.08826385025585], [43.3426877374103, 51.115723462765644], [43.372818454529856, 50.25275138051406], [42.027673469449226, 50.226116949269624], [41.97270561053398, 51.08826385025585]]]}}, {"type": "Feature", "id": "AF_tr_000065", "properties": {"id": "AF_tr_000065", "chip_id": "AF_tr_000065", "kind": "af", "task": "af", "split": "train", "utm_zone": 38, "gsd_m": 375.0, "width": 256, "height": 256, "crs": "WGS 84 / UTM zone 38N", "source": "Мониторинг DATA · train"}, "geometry": {"type": "Polygon", "coordinates": [[[41.85424240713865, 52.812037550553406], [43.27774462005015, 52.84124311849035], [43.311031050337974, 51.97855405294561], [41.91495811232081, 51.95023813464002], [41.85424240713865, 52.812037550553406]]]}}, {"type": "Feature", "id": "AF_tr_000066", "properties": {"id": "AF_tr_000066", "chip_id": "AF_tr_000066", "kind": "af", "task": "af", "split": "train", "utm_zone": 37, "gsd_m": 375.0, "width": 256, "height": 256, "crs": "WGS 84 / UTM zone 37N", "source": "Мониторинг DATA · train"}, "geometry": {"type": "Polygon", "coordinates": [[[37.47986538598567, 46.799450208872635], [38.737862079383504, 46.809245805748745], [38.74196412431145, 45.945278916466506], [37.50364251782545, 45.93577269528009], [37.47986538598567, 46.799450208872635]]]}}, {"type": "Feature", "id": "AF_tr_000067", "properties": {"id": "AF_tr_000067", "chip_id": "AF_tr_000067", "kind": "af", "task": "af", "split": "train", "utm_zone": 37, "gsd_m": 375.0, "width": 256, "height": 256, "crs": "WGS 84 / UTM zone 37N", "source": "Мониторинг DATA · train"}, "geometry": {"type": "Polygon", "coordinates": [[[41.184620547490965, 45.06056397730613], [42.40217583254263, 45.030758950981784], [42.35214132850457, 44.16801638963856], [41.15244870054454, 44.19694250367341], [41.184620547490965, 45.06056397730613]]]}}, {"type": "Feature", "id": "AF_tr_000068", "properties": {"id": "AF_tr_000068", "chip_id": "AF_tr_000068", "kind": "af", "task": "af", "split": "train", "utm_zone": 37, "gsd_m": 375.0, "width": 256, "height": 256, "crs": "WGS 84 / UTM zone 37N", "source": "Мониторинг DATA · train"}, "geometry": {"type": "Polygon", "coordinates": [[[41.45673438841302, 51.101654561186145], [42.82524798393685, 51.06484942752325], [42.755866416963, 50.203405410363104], [41.41209882466145, 50.239105376228665], [41.45673438841302, 51.101654561186145]]]}}, {"type": "Feature", "id": "AF_tr_000069", "properties": {"id": "AF_tr_000069", "chip_id": "AF_tr_000069", "kind": "af", "task": "af", "split": "train", "utm_zone": 38, "gsd_m": 375.0, "width": 256, "height": 256, "crs": "WGS 84 / UTM zone 38N", "source": "Мониторинг DATA · train"}, "geometry": {"type": "Polygon", "coordinates": [[[41.85424240713865, 52.812037550553406], [43.27774462005015, 52.84124311849035], [43.311031050337974, 51.97855405294561], [41.91495811232081, 51.95023813464002], [41.85424240713865, 52.812037550553406]]]}}, {"type": "Feature", "id": "AF_tr_000070", "properties": {"id": "AF_tr_000070", "chip_id": "AF_tr_000070", "kind": "af", "task": "af", "split": "train", "utm_zone": 38, "gsd_m": 375.0, "width": 256, "height": 256, "crs": "WGS 84 / UTM zone 38N", "source": "Мониторинг DATA · train"}, "geometry": {"type": "Polygon", "coordinates": [[[43.428873674978014, 48.52638305660792], [44.72906466171082, 48.53678604774846], [44.73356615049983, 47.67308141048665], [43.45496496820575, 47.66298709307604], [43.428873674978014, 48.52638305660792]]]}}, {"type": "Feature", "id": "AF_tr_000071", "properties": {"id": "AF_tr_000071", "chip_id": "AF_tr_000071", "kind": "af", "task": "af", "split": "train", "utm_zone": 37, "gsd_m": 375.0, "width": 256, "height": 256, "crs": "WGS 84 / UTM zone 37N", "source": "Мониторинг DATA · train"}, "geometry": {"type": "Polygon", "coordinates": [[[37.428873674978014, 48.52638305660792], [38.72906466171082, 48.53678604774846], [38.73356615049983, 47.67308141048665], [37.45496496820575, 47.66298709307604], [37.428873674978014, 48.52638305660792]]]}}, {"type": "Feature", "id": "AF_tr_000072", "properties": {"id": "AF_tr_000072", "chip_id": "AF_tr_000072", "kind": "af", "task": "af", "split": "train", "utm_zone": 37, "gsd_m": 375.0, "width": 256, "height": 256, "crs": "WGS 84 / UTM zone 37N", "source": "Мониторинг DATA · train"}, "geometry": {"type": "Polygon", "coordinates": [[[37.372818454529856, 50.25275138051406], [38.719393173472845, 50.26380427206238], [38.72434493331615, 49.40036015153286], [37.40151811207814, 49.389637874228825], [37.372818454529856, 50.25275138051406]]]}}, {"type": "Feature", "id": "AF_tr_000073", "properties": {"id": "AF_tr_000073", "chip_id": "AF_tr_000073", "kind": "af", "task": "af", "split": "train", "utm_zone": 37, "gsd_m": 375.0, "width": 256, "height": 256, "crs": "WGS 84 / UTM zone 37N", "source": "Мониторинг DATA · train"}, "geometry": {"type": "Polygon", "coordinates": [[[37.311031050337974, 51.97855405294561], [38.70873207777713, 51.99030534022883], [38.71419435538326, 51.12711907494891], [37.3426877374103, 51.115723462765644], [37.311031050337974, 51.97855405294561]]]}}, {"type": "Feature", "id": "AF_tr_000074", "properties": {"id": "AF_tr_000074", "chip_id": "AF_tr_000074", "kind": "af", "task": "af", "split": "train", "utm_zone": 37, "gsd_m": 375.0, "width": 256, "height": 256, "crs": "WGS 84 / UTM zone 37N", "source": "Мониторинг DATA · train"}, "geometry": {"type": "Polygon", "coordinates": [[[38.72906466171082, 48.53678604774846], [40.029473703042434, 48.53250187122371], [40.012372725710755, 47.668924367087534], [38.73356615049983, 47.67308141048665], [38.72906466171082, 48.53678604774846]]]}}, {"type": "Feature", "id": "AF_tr_000075", "properties": {"id": "AF_tr_000075", "chip_id": "AF_tr_000075", "kind": "af", "task": "af", "split": "train", "utm_zone": 37, "gsd_m": 375.0, "width": 256, "height": 256, "crs": "WGS 84 / UTM zone 37N", "source": "Мониторинг DATA · train"}, "geometry": {"type": "Polygon", "coordinates": [[[41.6048222798915, 53.68835261844834], [43.05538806145587, 53.64797027044222], [42.97476032903755, 52.78713616784348], [41.55293538309465, 52.826279394963805], [41.6048222798915, 53.68835261844834]]]}}, {"type": "Feature", "id": "AF_tr_000076", "properties": {"id": "AF_tr_000076", "chip_id": "AF_tr_000076", "kind": "af", "task": "af", "split": "train", "utm_zone": 38, "gsd_m": 375.0, "width": 256, "height": 256, "crs": "WGS 84 / UTM zone 38N", "source": "Мониторинг DATA · train"}, "geometry": {"type": "Polygon", "coordinates": [[[42.222991102593575, 46.77584351989473], [43.47986538598567, 46.799450208872635], [43.50364251782545, 45.93577269528009], [42.26638106455281, 45.912862969755935], [42.222991102593575, 46.77584351989473]]]}}, {"type": "Feature", "id": "AF_tr_000077", "properties": {"id": "AF_tr_000077", "chip_id": "AF_tr_000077", "kind": "af", "task": "af", "split": "train", "utm_zone": 38, "gsd_m": 375.0, "width": 256, "height": 256, "crs": "WGS 84 / UTM zone 38N", "source": "Мониторинг DATA · train"}, "geometry": {"type": "Polygon", "coordinates": [[[42.17755369296443, 47.63866097384442], [43.45496496820575, 47.66298709307604], [43.47986538598567, 46.799450208872635], [42.222991102593575, 46.77584351989473], [42.17755369296443, 47.63866097384442]]]}}, {"type": "Feature", "id": "AF_tr_000078", "properties": {"id": "AF_tr_000078", "chip_id": "AF_tr_000078", "kind": "af", "task": "af", "split": "train", "utm_zone": 38, "gsd_m": 375.0, "width": 256, "height": 256, "crs": "WGS 84 / UTM zone 38N", "source": "Мониторинг DATA · train"}, "geometry": {"type": "Polygon", "coordinates": [[[41.7903519726391, 53.67365966308021], [43.242714762523796, 53.70379065183828], [43.27774462005015, 52.84124311849035], [41.85424240713865, 52.812037550553406], [41.7903519726391, 53.67365966308021]]]}}, {"type": "Feature", "id": "AF_tr_000079", "properties": {"id": "AF_tr_000079", "chip_id": "AF_tr_000079", "kind": "af", "task": "af", "split": "train", "utm_zone": 37, "gsd_m": 375.0, "width": 256, "height": 256, "crs": "WGS 84 / UTM zone 37N", "source": "Мониторинг DATA · train"}, "geometry": {"type": "Polygon", "coordinates": [[[37.372818454529856, 50.25275138051406], [38.719393173472845, 50.26380427206238], [38.72434493331615, 49.40036015153286], [37.40151811207814, 49.389637874228825], [37.372818454529856, 50.25275138051406]]]}}, {"type": "Feature", "id": "AF_tr_000080", "properties": {"id": "AF_tr_000080", "chip_id": "AF_tr_000080", "kind": "af", "task": "af", "split": "train", "utm_zone": 37, "gsd_m": 375.0, "width": 256, "height": 256, "crs": "WGS 84 / UTM zone 37N", "source": "Мониторинг DATA · train"}, "geometry": {"type": "Polygon", "coordinates": [[[38.70298840597799, 52.85336396126462], [40.128532916002136, 52.84837222877786], [40.10671421422226, 51.98546582575733], [38.70873207777713, 51.99030534022883], [38.70298840597799, 52.85336396126462]]]}}, {"type": "Feature", "id": "AF_tr_000081", "properties": {"id": "AF_tr_000081", "chip_id": "AF_tr_000081", "kind": "af", "task": "af", "split": "train", "utm_zone": 38, "gsd_m": 375.0, "width": 256, "height": 256, "crs": "WGS 84 / UTM zone 38N", "source": "Мониторинг DATA · train"}, "geometry": {"type": "Polygon", "coordinates": [[[40.833319996935785, 48.46162737259741], [42.12994588503688, 48.50131358048791], [42.17755369296443, 47.63866097384442], [40.9023110286603, 47.600150107300536], [40.833319996935785, 48.46162737259741]]]}}, {"type": "Feature", "id": "AF_tr_000082", "properties": {"id": "AF_tr_000082", "chip_id": "AF_tr_000082", "kind": "af", "task": "af", "split": "train", "utm_zone": 38, "gsd_m": 375.0, "width": 256, "height": 256, "crs": "WGS 84 / UTM zone 38N", "source": "Мониторинг DATA · train"}, "geometry": {"type": "Polygon", "coordinates": [[[46.029473703042434, 48.53250187122371], [47.32905454692745, 48.51353904721816], [47.290399177935114, 47.650524020028996], [46.012372725710755, 47.668924367087534], [46.029473703042434, 48.53250187122371]]]}}, {"type": "Feature", "id": "AF_tr_000083", "properties": {"id": "AF_tr_000083", "chip_id": "AF_tr_000083", "kind": "af", "task": "af", "split": "train", "utm_zone": 38, "gsd_m": 375.0, "width": 256, "height": 256, "crs": "WGS 84 / UTM zone 38N", "source": "Мониторинг DATA · train"}, "geometry": {"type": "Polygon", "coordinates": [[[47.55293538309465, 52.826279394963805], [48.97476032903755, 52.78713616784348], [48.89813355031119, 51.92609439036883], [47.503628768481356, 51.96404629133559], [47.55293538309465, 52.826279394963805]]]}}, {"type": "Feature", "id": "AF_tr_000084", "properties": {"id": "AF_tr_000084", "chip_id": "AF_tr_000084", "kind": "af", "task": "af", "split": "train", "utm_zone": 37, "gsd_m": 375.0, "width": 256, "height": 256, "crs": "WGS 84 / UTM zone 37N", "source": "Мониторинг DATA · train"}, "geometry": {"type": "Polygon", "coordinates": [[[38.70298840597799, 52.85336396126462], [40.128532916002136, 52.84837222877786], [40.10671421422226, 51.98546582575733], [38.70873207777713, 51.99030534022883], [38.70298840597799, 52.85336396126462]]]}}, {"type": "Feature", "id": "AF_tr_000085", "properties": {"id": "AF_tr_000085", "chip_id": "AF_tr_000085", "kind": "af", "task": "af", "split": "train", "utm_zone": 37, "gsd_m": 375.0, "width": 256, "height": 256, "crs": "WGS 84 / UTM zone 37N", "source": "Мониторинг DATA · train"}, "geometry": {"type": "Polygon", "coordinates": [[[40.128532916002136, 52.84837222877786], [41.55293538309465, 52.826279394963805], [41.503628768481356, 51.96404629133559], [40.10671421422226, 51.98546582575733], [40.128532916002136, 52.84837222877786]]]}}, {"type": "Feature", "id": "AF_tr_000086", "properties": {"id": "AF_tr_000086", "chip_id": "AF_tr_000086", "kind": "af", "task": "af", "split": "train", "utm_zone": 37, "gsd_m": 375.0, "width": 256, "height": 256, "crs": "WGS 84 / UTM zone 37N", "source": "Мониторинг DATA · train"}, "geometry": {"type": "Polygon", "coordinates": [[[40.151494875203916, 53.711145856053065], [41.6048222798915, 53.68835261844834], [41.55293538309465, 52.826279394963805], [40.128532916002136, 52.84837222877786], [40.151494875203916, 53.711145856053065]]]}}, {"type": "Feature", "id": "AF_tr_000087", "properties": {"id": "AF_tr_000087", "chip_id": "AF_tr_000087", "kind": "af", "task": "af", "split": "train", "utm_zone": 37, "gsd_m": 375.0, "width": 256, "height": 256, "crs": "WGS 84 / UTM zone 37N", "source": "Мониторинг DATA · train"}, "geometry": {"type": "Polygon", "coordinates": [[[41.503628768481356, 51.96404629133559], [42.89813355031119, 51.92609439036883], [42.82524798393685, 51.06484942752325], [41.45673438841302, 51.101654561186145], [41.503628768481356, 51.96404629133559]]]}}, {"type": "Feature", "id": "AF_tr_000088", "properties": {"id": "AF_tr_000088", "chip_id": "AF_tr_000088", "kind": "af", "task": "af", "split": "train", "utm_zone": 37, "gsd_m": 375.0, "width": 256, "height": 256, "crs": "WGS 84 / UTM zone 37N", "source": "Мониторинг DATA · train"}, "geometry": {"type": "Polygon", "coordinates": [[[41.55293538309465, 52.826279394963805], [42.97476032903755, 52.78713616784348], [42.89813355031119, 51.92609439036883], [41.503628768481356, 51.96404629133559], [41.55293538309465, 52.826279394963805]]]}}, {"type": "Feature", "id": "AF_tr_000089", "properties": {"id": "AF_tr_000089", "chip_id": "AF_tr_000089", "kind": "af", "task": "af", "split": "train", "utm_zone": 38, "gsd_m": 375.0, "width": 256, "height": 256, "crs": "WGS 84 / UTM zone 38N", "source": "Мониторинг DATA · train"}, "geometry": {"type": "Polygon", "coordinates": [[[41.85424240713865, 52.812037550553406], [43.27774462005015, 52.84124311849035], [43.311031050337974, 51.97855405294561], [41.91495811232081, 51.95023813464002], [41.85424240713865, 52.812037550553406]]]}}, {"type": "Feature", "id": "AF_tr_000090", "properties": {"id": "AF_tr_000090", "chip_id": "AF_tr_000090", "kind": "af", "task": "af", "split": "train", "utm_zone": 37, "gsd_m": 375.0, "width": 256, "height": 256, "crs": "WGS 84 / UTM zone 37N", "source": "Мониторинг DATA · train"}, "geometry": {"type": "Polygon", "coordinates": [[[37.45496496820575, 47.66298709307604], [38.73356615049983, 47.67308141048665], [38.737862079383504, 46.809245805748745], [37.47986538598567, 46.799450208872635], [37.45496496820575, 47.66298709307604]]]}}, {"type": "Feature", "id": "AF_tr_000091", "properties": {"id": "AF_tr_000091", "chip_id": "AF_tr_000091", "kind": "af", "task": "af", "split": "train", "utm_zone": 37, "gsd_m": 375.0, "width": 256, "height": 256, "crs": "WGS 84 / UTM zone 37N", "source": "Мониторинг DATA · train"}, "geometry": {"type": "Polygon", "coordinates": [[[37.428873674978014, 48.52638305660792], [38.72906466171082, 48.53678604774846], [38.73356615049983, 47.67308141048665], [37.45496496820575, 47.66298709307604], [37.428873674978014, 48.52638305660792]]]}}, {"type": "Feature", "id": "AF_tr_000092", "properties": {"id": "AF_tr_000092", "chip_id": "AF_tr_000092", "kind": "af", "task": "af", "split": "train", "utm_zone": 37, "gsd_m": 375.0, "width": 256, "height": 256, "crs": "WGS 84 / UTM zone 37N", "source": "Мониторинг DATA · train"}, "geometry": {"type": "Polygon", "coordinates": [[[37.372818454529856, 50.25275138051406], [38.719393173472845, 50.26380427206238], [38.72434493331615, 49.40036015153286], [37.40151811207814, 49.389637874228825], [37.372818454529856, 50.25275138051406]]]}}, {"type": "Feature", "id": "AF_tr_000093", "properties": {"id": "AF_tr_000093", "chip_id": "AF_tr_000093", "kind": "af", "task": "af", "split": "train", "utm_zone": 37, "gsd_m": 375.0, "width": 256, "height": 256, "crs": "WGS 84 / UTM zone 37N", "source": "Мониторинг DATA · train"}, "geometry": {"type": "Polygon", "coordinates": [[[37.3426877374103, 51.115723462765644], [38.71419435538326, 51.12711907494891], [38.719393173472845, 50.26380427206238], [37.372818454529856, 50.25275138051406], [37.3426877374103, 51.115723462765644]]]}}, {"type": "Feature", "id": "AF_tr_000094", "properties": {"id": "AF_tr_000094", "chip_id": "AF_tr_000094", "kind": "af", "task": "af", "split": "train", "utm_zone": 37, "gsd_m": 375.0, "width": 256, "height": 256, "crs": "WGS 84 / UTM zone 37N", "source": "Мониторинг DATA · train"}, "geometry": {"type": "Polygon", "coordinates": [[[38.72906466171082, 48.53678604774846], [40.029473703042434, 48.53250187122371], [40.012372725710755, 47.668924367087534], [38.73356615049983, 47.67308141048665], [38.72906466171082, 48.53678604774846]]]}}, {"type": "Feature", "id": "AF_tr_000095", "properties": {"id": "AF_tr_000095", "chip_id": "AF_tr_000095", "kind": "af", "task": "af", "split": "train", "utm_zone": 37, "gsd_m": 375.0, "width": 256, "height": 256, "crs": "WGS 84 / UTM zone 37N", "source": "Мониторинг DATA · train"}, "geometry": {"type": "Polygon", "coordinates": [[[38.6969436903302, 53.71629594350895], [40.151494875203916, 53.711145856053065], [40.128532916002136, 52.84837222877786], [38.70298840597799, 52.85336396126462], [38.6969436903302, 53.71629594350895]]]}}, {"type": "Feature", "id": "AF_tr_000096", "properties": {"id": "AF_tr_000096", "chip_id": "AF_tr_000096", "kind": "af", "task": "af", "split": "train", "utm_zone": 37, "gsd_m": 375.0, "width": 256, "height": 256, "crs": "WGS 84 / UTM zone 37N", "source": "Мониторинг DATA · train"}, "geometry": {"type": "Polygon", "coordinates": [[[41.503628768481356, 51.96404629133559], [42.89813355031119, 51.92609439036883], [42.82524798393685, 51.06484942752325], [41.45673438841302, 51.101654561186145], [41.503628768481356, 51.96404629133559]]]}}, {"type": "Feature", "id": "AF_tr_000097", "properties": {"id": "AF_tr_000097", "chip_id": "AF_tr_000097", "kind": "af", "task": "af", "split": "train", "utm_zone": 38, "gsd_m": 375.0, "width": 256, "height": 256, "crs": "WGS 84 / UTM zone 38N", "source": "Мониторинг DATA · train"}, "geometry": {"type": "Polygon", "coordinates": [[[42.12994588503688, 48.50131358048791], [43.428873674978014, 48.52638305660792], [43.45496496820575, 47.66298709307604], [42.17755369296443, 47.63866097384442], [42.12994588503688, 48.50131358048791]]]}}, {"type": "Feature", "id": "AF_tr_000098", "properties": {"id": "AF_tr_000098", "chip_id": "AF_tr_000098", "kind": "af", "task": "af", "split": "train", "utm_zone": 38, "gsd_m": 375.0, "width": 256, "height": 256, "crs": "WGS 84 / UTM zone 38N", "source": "Мониторинг DATA · train"}, "geometry": {"type": "Polygon", "coordinates": [[[41.85424240713865, 52.812037550553406], [43.27774462005015, 52.84124311849035], [43.311031050337974, 51.97855405294561], [41.91495811232081, 51.95023813464002], [41.85424240713865, 52.812037550553406]]]}}, {"type": "Feature", "id": "AF_tr_000099", "properties": {"id": "AF_tr_000099", "chip_id": "AF_tr_000099", "kind": "af", "task": "af", "split": "train", "utm_zone": 37, "gsd_m": 375.0, "width": 256, "height": 256, "crs": "WGS 84 / UTM zone 37N", "source": "Мониторинг DATA · train"}, "geometry": {"type": "Polygon", "coordinates": [[[37.52635870253507, 45.07195491509202], [38.74588305338949, 45.08118054308293], [38.74962881194533, 44.21695060400904], [37.54807151969758, 44.20799730740711], [37.52635870253507, 45.07195491509202]]]}}, {"type": "Feature", "id": "AF_tr_000100", "properties": {"id": "AF_tr_000100", "chip_id": "AF_tr_000100", "kind": "af", "task": "af", "split": "train", "utm_zone": 37, "gsd_m": 375.0, "width": 256, "height": 256, "crs": "WGS 84 / UTM zone 37N", "source": "Мониторинг DATA · train"}, "geometry": {"type": "Polygon", "coordinates": [[[37.45496496820575, 47.66298709307604], [38.73356615049983, 47.67308141048665], [38.737862079383504, 46.809245805748745], [37.47986538598567, 46.799450208872635], [37.45496496820575, 47.66298709307604]]]}}, {"type": "Feature", "id": "AF_tr_000101", "properties": {"id": "AF_tr_000101", "chip_id": "AF_tr_000101", "kind": "af", "task": "af", "split": "train", "utm_zone": 37, "gsd_m": 375.0, "width": 256, "height": 256, "crs": "WGS 84 / UTM zone 37N", "source": "Мониторинг DATA · train"}, "geometry": {"type": "Polygon", "coordinates": [[[37.428873674978014, 48.52638305660792], [38.72906466171082, 48.53678604774846], [38.73356615049983, 47.67308141048665], [37.45496496820575, 47.66298709307604], [37.428873674978014, 48.52638305660792]]]}}, {"type": "Feature", "id": "AF_tr_000102", "properties": {"id": "AF_tr_000102", "chip_id": "AF_tr_000102", "kind": "af", "task": "af", "split": "train", "utm_zone": 37, "gsd_m": 375.0, "width": 256, "height": 256, "crs": "WGS 84 / UTM zone 37N", "source": "Мониторинг DATA · train"}, "geometry": {"type": "Polygon", "coordinates": [[[38.74588305338949, 45.08118054308293], [39.965580450441, 45.07738127887619], [39.95134996342069, 44.21326350042508], [38.74962881194533, 44.21695060400904], [38.74588305338949, 45.08118054308293]]]}}, {"type": "Feature", "id": "AF_tr_000103", "properties": {"id": "AF_tr_000103", "chip_id": "AF_tr_000103", "kind": "af", "task": "af", "split": "train", "utm_zone": 37, "gsd_m": 375.0, "width": 256, "height": 256, "crs": "WGS 84 / UTM zone 37N", "source": "Мониторинг DATA · train"}, "geometry": {"type": "Polygon", "coordinates": [[[38.72906466171082, 48.53678604774846], [40.029473703042434, 48.53250187122371], [40.012372725710755, 47.668924367087534], [38.73356615049983, 47.67308141048665], [38.72906466171082, 48.53678604774846]]]}}, {"type": "Feature", "id": "AF_tr_000104", "properties": {"id": "AF_tr_000104", "chip_id": "AF_tr_000104", "kind": "af", "task": "af", "split": "train", "utm_zone": 37, "gsd_m": 375.0, "width": 256, "height": 256, "crs": "WGS 84 / UTM zone 37N", "source": "Мониторинг DATA · train"}, "geometry": {"type": "Polygon", "coordinates": [[[38.74588305338949, 45.08118054308293], [39.965580450441, 45.07738127887619], [39.95134996342069, 44.21326350042508], [38.74962881194533, 44.21695060400904], [38.74588305338949, 45.08118054308293]]]}}, {"type": "Feature", "id": "AF_tr_000105", "properties": {"id": "AF_tr_000105", "chip_id": "AF_tr_000105", "kind": "af", "task": "af", "split": "train", "utm_zone": 37, "gsd_m": 375.0, "width": 256, "height": 256, "crs": "WGS 84 / UTM zone 37N", "source": "Мониторинг DATA · train"}, "geometry": {"type": "Polygon", "coordinates": [[[38.74196412431145, 45.945278916466506], [39.98046870974709, 45.94136408799433], [39.965580450441, 45.07738127887619], [38.74588305338949, 45.08118054308293], [38.74196412431145, 45.945278916466506]]]}}, {"type": "Feature", "id": "AF_tr_000106", "properties": {"id": "AF_tr_000106", "chip_id": "AF_tr_000106", "kind": "af", "task": "af", "split": "train", "utm_zone": 37, "gsd_m": 375.0, "width": 256, "height": 256, "crs": "WGS 84 / UTM zone 37N", "source": "Мониторинг DATA · train"}, "geometry": {"type": "Polygon", "coordinates": [[[38.72906466171082, 48.53678604774846], [40.029473703042434, 48.53250187122371], [40.012372725710755, 47.668924367087534], [38.73356615049983, 47.67308141048665], [38.72906466171082, 48.53678604774846]]]}}, {"type": "Feature", "id": "AF_tr_000107", "properties": {"id": "AF_tr_000107", "chip_id": "AF_tr_000107", "kind": "af", "task": "af", "split": "train", "utm_zone": 37, "gsd_m": 375.0, "width": 256, "height": 256, "crs": "WGS 84 / UTM zone 37N", "source": "Мониторинг DATA · train"}, "geometry": {"type": "Polygon", "coordinates": [[[38.72434493331615, 49.40036015153286], [40.04740358058268, 49.39594446950651], [40.029473703042434, 48.53250187122371], [38.72906466171082, 48.53678604774846], [38.72434493331615, 49.40036015153286]]]}}, {"type": "Feature", "id": "AF_tr_000108", "properties": {"id": "AF_tr_000108", "chip_id": "AF_tr_000108", "kind": "af", "task": "af", "split": "train", "utm_zone": 37, "gsd_m": 375.0, "width": 256, "height": 256, "crs": "WGS 84 / UTM zone 37N", "source": "Мониторинг DATA · train"}, "geometry": {"type": "Polygon", "coordinates": [[[41.6048222798915, 53.68835261844834], [43.05538806145587, 53.64797027044222], [42.97476032903755, 52.78713616784348], [41.55293538309465, 52.826279394963805], [41.6048222798915, 53.68835261844834]]]}}, {"type": "Feature", "id": "AF_tr_000109", "properties": {"id": "AF_tr_000109", "chip_id": "AF_tr_000109", "kind": "af", "task": "af", "split": "train", "utm_zone": 38, "gsd_m": 375.0, "width": 256, "height": 256, "crs": "WGS 84 / UTM zone 38N", "source": "Мониторинг DATA · train"}, "geometry": {"type": "Polygon", "coordinates": [[[41.7903519726391, 53.67365966308021], [43.242714762523796, 53.70379065183828], [43.27774462005015, 52.84124311849035], [41.85424240713865, 52.812037550553406], [41.7903519726391, 53.67365966308021]]]}}, {"type": "Feature", "id": "AF_tr_000110", "properties": {"id": "AF_tr_000110", "chip_id": "AF_tr_000110", "kind": "af", "task": "af", "split": "train", "utm_zone": 37, "gsd_m": 375.0, "width": 256, "height": 256, "crs": "WGS 84 / UTM zone 37N", "source": "Мониторинг DATA · train"}, "geometry": {"type": "Polygon", "coordinates": [[[37.45496496820575, 47.66298709307604], [38.73356615049983, 47.67308141048665], [38.737862079383504, 46.809245805748745], [37.47986538598567, 46.799450208872635], [37.45496496820575, 47.66298709307604]]]}}, {"type": "Feature", "id": "AF_tr_000111", "properties": {"id": "AF_tr_000111", "chip_id": "AF_tr_000111", "kind": "af", "task": "af", "split": "train", "utm_zone": 37, "gsd_m": 375.0, "width": 256, "height": 256, "crs": "WGS 84 / UTM zone 37N", "source": "Мониторинг DATA · train"}, "geometry": {"type": "Polygon", "coordinates": [[[37.428873674978014, 48.52638305660792], [38.72906466171082, 48.53678604774846], [38.73356615049983, 47.67308141048665], [37.45496496820575, 47.66298709307604], [37.428873674978014, 48.52638305660792]]]}}, {"type": "Feature", "id": "AF_tr_000112", "properties": {"id": "AF_tr_000112", "chip_id": "AF_tr_000112", "kind": "af", "task": "af", "split": "train", "utm_zone": 37, "gsd_m": 375.0, "width": 256, "height": 256, "crs": "WGS 84 / UTM zone 37N", "source": "Мониторинг DATA · train"}, "geometry": {"type": "Polygon", "coordinates": [[[37.40151811207814, 49.389637874228825], [38.72434493331615, 49.40036015153286], [38.72906466171082, 48.53678604774846], [37.428873674978014, 48.52638305660792], [37.40151811207814, 49.389637874228825]]]}}, {"type": "Feature", "id": "AF_tr_000113", "properties": {"id": "AF_tr_000113", "chip_id": "AF_tr_000113", "kind": "af", "task": "af", "split": "train", "utm_zone": 37, "gsd_m": 375.0, "width": 256, "height": 256, "crs": "WGS 84 / UTM zone 37N", "source": "Мониторинг DATA · train"}, "geometry": {"type": "Polygon", "coordinates": [[[40.0662147220547, 50.25925241720276], [41.41209882466145, 50.239105376228665], [41.369581744207984, 49.37639984805247], [40.04740358058268, 49.39594446950651], [40.0662147220547, 50.25925241720276]]]}}, {"type": "Feature", "id": "AF_tr_000114", "properties": {"id": "AF_tr_000114", "chip_id": "AF_tr_000114", "kind": "af", "task": "af", "split": "train", "utm_zone": 38, "gsd_m": 375.0, "width": 256, "height": 256, "crs": "WGS 84 / UTM zone 38N", "source": "Мониторинг DATA · train"}, "geometry": {"type": "Polygon", "coordinates": [[[42.027673469449226, 50.226116949269624], [43.372818454529856, 50.25275138051406], [43.40151811207814, 49.389637874228825], [42.080034194236326, 49.36379953296444], [42.027673469449226, 50.226116949269624]]]}}, {"type": "Feature", "id": "AF_tr_000115", "properties": {"id": "AF_tr_000115", "chip_id": "AF_tr_000115", "kind": "af", "task": "af", "split": "train", "utm_zone": 37, "gsd_m": 375.0, "width": 256, "height": 256, "crs": "WGS 84 / UTM zone 37N", "source": "Мониторинг DATA · train"}, "geometry": {"type": "Polygon", "coordinates": [[[37.47986538598567, 46.799450208872635], [38.737862079383504, 46.809245805748745], [38.74196412431145, 45.945278916466506], [37.50364251782545, 45.93577269528009], [37.47986538598567, 46.799450208872635]]]}}, {"type": "Feature", "id": "AF_tr_000116", "properties": {"id": "AF_tr_000116", "chip_id": "AF_tr_000116", "kind": "af", "task": "af", "split": "train", "utm_zone": 37, "gsd_m": 375.0, "width": 256, "height": 256, "crs": "WGS 84 / UTM zone 37N", "source": "Мониторинг DATA · train"}, "geometry": {"type": "Polygon", "coordinates": [[[37.45496496820575, 47.66298709307604], [38.73356615049983, 47.67308141048665], [38.737862079383504, 46.809245805748745], [37.47986538598567, 46.799450208872635], [37.45496496820575, 47.66298709307604]]]}}, {"type": "Feature", "id": "AF_tr_000117", "properties": {"id": "AF_tr_000117", "chip_id": "AF_tr_000117", "kind": "af", "task": "af", "split": "train", "utm_zone": 37, "gsd_m": 375.0, "width": 256, "height": 256, "crs": "WGS 84 / UTM zone 37N", "source": "Мониторинг DATA · train"}, "geometry": {"type": "Polygon", "coordinates": [[[37.428873674978014, 48.52638305660792], [38.72906466171082, 48.53678604774846], [38.73356615049983, 47.67308141048665], [37.45496496820575, 47.66298709307604], [37.428873674978014, 48.52638305660792]]]}}, {"type": "Feature", "id": "AF_tr_000118", "properties": {"id": "AF_tr_000118", "chip_id": "AF_tr_000118", "kind": "af", "task": "af", "split": "train", "utm_zone": 37, "gsd_m": 375.0, "width": 256, "height": 256, "crs": "WGS 84 / UTM zone 37N", "source": "Мониторинг DATA · train"}, "geometry": {"type": "Polygon", "coordinates": [[[38.71419435538326, 51.12711907494891], [40.0859641778546, 51.1224260591292], [40.0662147220547, 50.25925241720276], [38.719393173472845, 50.26380427206238], [38.71419435538326, 51.12711907494891]]]}}, {"type": "Feature", "id": "AF_tr_000119", "properties": {"id": "AF_tr_000119", "chip_id": "AF_tr_000119", "kind": "af", "task": "af", "split": "train", "utm_zone": 37, "gsd_m": 375.0, "width": 256, "height": 256, "crs": "WGS 84 / UTM zone 37N", "source": "Мониторинг DATA · train"}, "geometry": {"type": "Polygon", "coordinates": [[[38.70298840597799, 52.85336396126462], [40.128532916002136, 52.84837222877786], [40.10671421422226, 51.98546582575733], [38.70873207777713, 51.99030534022883], [38.70298840597799, 52.85336396126462]]]}}, {"type": "Feature", "id": "AF_tr_000120", "properties": {"id": "AF_tr_000120", "chip_id": "AF_tr_000120", "kind": "af", "task": "af", "split": "train", "utm_zone": 38, "gsd_m": 375.0, "width": 256, "height": 256, "crs": "WGS 84 / UTM zone 38N", "source": "Мониторинг DATA · train"}, "geometry": {"type": "Polygon", "coordinates": [[[40.341386694416066, 53.625974326833294], [41.7903519726391, 53.67365966308021], [41.85424240713865, 52.812037550553406], [40.433911491137835, 52.76581421314698], [40.341386694416066, 53.625974326833294]]]}}, {"type": "Feature", "id": "AF_tr_000121", "properties": {"id": "AF_tr_000121", "chip_id": "AF_tr_000121", "kind": "af", "task": "af", "split": "train", "utm_zone": 38, "gsd_m": 375.0, "width": 256, "height": 256, "crs": "WGS 84 / UTM zone 38N", "source": "Мониторинг DATA · train"}, "geometry": {"type": "Polygon", "coordinates": [[[42.222991102593575, 46.77584351989473], [43.47986538598567, 46.799450208872635], [43.50364251782545, 45.93577269528009], [42.26638106455281, 45.912862969755935], [42.222991102593575, 46.77584351989473]]]}}, {"type": "Feature", "id": "AF_tr_000122", "properties": {"id": "AF_tr_000122", "chip_id": "AF_tr_000122", "kind": "af", "task": "af", "split": "train", "utm_zone": 38, "gsd_m": 375.0, "width": 256, "height": 256, "crs": "WGS 84 / UTM zone 38N", "source": "Мониторинг DATA · train"}, "geometry": {"type": "Polygon", "coordinates": [[[41.91495811232081, 51.95023813464002], [43.311031050337974, 51.97855405294561], [43.3426877374103, 51.115723462765644], [41.97270561053398, 51.08826385025585], [41.91495811232081, 51.95023813464002]]]}}, {"type": "Feature", "id": "AF_tr_000123", "properties": {"id": "AF_tr_000123", "chip_id": "AF_tr_000123", "kind": "af", "task": "af", "split": "train", "utm_zone": 37, "gsd_m": 375.0, "width": 256, "height": 256, "crs": "WGS 84 / UTM zone 37N", "source": "Мониторинг DATA · train"}, "geometry": {"type": "Polygon", "coordinates": [[[37.52635870253507, 45.07195491509202], [38.74588305338949, 45.08118054308293], [38.74962881194533, 44.21695060400904], [37.54807151969758, 44.20799730740711], [37.52635870253507, 45.07195491509202]]]}}, {"type": "Feature", "id": "AF_tr_000124", "properties": {"id": "AF_tr_000124", "chip_id": "AF_tr_000124", "kind": "af", "task": "af", "split": "train", "utm_zone": 37, "gsd_m": 375.0, "width": 256, "height": 256, "crs": "WGS 84 / UTM zone 37N", "source": "Мониторинг DATA · train"}, "geometry": {"type": "Polygon", "coordinates": [[[37.50364251782545, 45.93577269528009], [38.74196412431145, 45.945278916466506], [38.74588305338949, 45.08118054308293], [37.52635870253507, 45.07195491509202], [37.50364251782545, 45.93577269528009]]]}}, {"type": "Feature", "id": "AF_tr_000125", "properties": {"id": "AF_tr_000125", "chip_id": "AF_tr_000125", "kind": "af", "task": "af", "split": "train", "utm_zone": 37, "gsd_m": 375.0, "width": 256, "height": 256, "crs": "WGS 84 / UTM zone 37N", "source": "Мониторинг DATA · train"}, "geometry": {"type": "Polygon", "coordinates": [[[41.32905454692745, 48.51353904721816], [42.626765158760016, 48.47993524429068], [42.566663797985974, 47.61791599293374], [41.290399177935114, 47.650524020028996], [41.32905454692745, 48.51353904721816]]]}}, {"type": "Feature", "id": "AF_tr_000126", "properties": {"id": "AF_tr_000126", "chip_id": "AF_tr_000126", "kind": "af", "task": "af", "split": "train", "utm_zone": 38, "gsd_m": 375.0, "width": 256, "height": 256, "crs": "WGS 84 / UTM zone 38N", "source": "Мониторинг DATA · train"}, "geometry": {"type": "Polygon", "coordinates": [[[40.833319996935785, 48.46162737259741], [42.12994588503688, 48.50131358048791], [42.17755369296443, 47.63866097384442], [40.9023110286603, 47.600150107300536], [40.833319996935785, 48.46162737259741]]]}}, {"type": "Feature", "id": "AF_tr_000127", "properties": {"id": "AF_tr_000127", "chip_id": "AF_tr_000127", "kind": "af", "task": "af", "split": "train", "utm_zone": 38, "gsd_m": 375.0, "width": 256, "height": 256, "crs": "WGS 84 / UTM zone 38N", "source": "Мониторинг DATA · train"}, "geometry": {"type": "Polygon", "coordinates": [[[42.12994588503688, 48.50131358048791], [43.428873674978014, 48.52638305660792], [43.45496496820575, 47.66298709307604], [42.17755369296443, 47.63866097384442], [42.12994588503688, 48.50131358048791]]]}}, {"type": "Feature", "id": "AF_tr_000128", "properties": {"id": "AF_tr_000128", "chip_id": "AF_tr_000128", "kind": "af", "task": "af", "split": "train", "utm_zone": 38, "gsd_m": 375.0, "width": 256, "height": 256, "crs": "WGS 84 / UTM zone 38N", "source": "Мониторинг DATA · train"}, "geometry": {"type": "Polygon", "coordinates": [[[41.91495811232081, 51.95023813464002], [43.311031050337974, 51.97855405294561], [43.3426877374103, 51.115723462765644], [41.97270561053398, 51.08826385025585], [41.91495811232081, 51.95023813464002]]]}}, {"type": "Feature", "id": "AF_tr_000129", "properties": {"id": "AF_tr_000129", "chip_id": "AF_tr_000129", "kind": "af", "task": "af", "split": "train", "utm_zone": 37, "gsd_m": 375.0, "width": 256, "height": 256, "crs": "WGS 84 / UTM zone 37N", "source": "Мониторинг DATA · train"}, "geometry": {"type": "Polygon", "coordinates": [[[37.40151811207814, 49.389637874228825], [38.72434493331615, 49.40036015153286], [38.72906466171082, 48.53678604774846], [37.428873674978014, 48.52638305660792], [37.40151811207814, 49.389637874228825]]]}}, {"type": "Feature", "id": "AF_tr_000130", "properties": {"id": "AF_tr_000130", "chip_id": "AF_tr_000130", "kind": "af", "task": "af", "split": "train", "utm_zone": 37, "gsd_m": 375.0, "width": 256, "height": 256, "crs": "WGS 84 / UTM zone 37N", "source": "Мониторинг DATA · train"}, "geometry": {"type": "Polygon", "coordinates": [[[37.372818454529856, 50.25275138051406], [38.719393173472845, 50.26380427206238], [38.72434493331615, 49.40036015153286], [37.40151811207814, 49.389637874228825], [37.372818454529856, 50.25275138051406]]]}}, {"type": "Feature", "id": "AF_tr_000131", "properties": {"id": "AF_tr_000131", "chip_id": "AF_tr_000131", "kind": "af", "task": "af", "split": "train", "utm_zone": 37, "gsd_m": 375.0, "width": 256, "height": 256, "crs": "WGS 84 / UTM zone 37N", "source": "Мониторинг DATA · train"}, "geometry": {"type": "Polygon", "coordinates": [[[41.55293538309465, 52.826279394963805], [42.97476032903755, 52.78713616784348], [42.89813355031119, 51.92609439036883], [41.503628768481356, 51.96404629133559], [41.55293538309465, 52.826279394963805]]]}}, {"type": "Feature", "id": "AF_tr_000132", "properties": {"id": "AF_tr_000132", "chip_id": "AF_tr_000132", "kind": "af", "task": "af", "split": "train", "utm_zone": 38, "gsd_m": 375.0, "width": 256, "height": 256, "crs": "WGS 84 / UTM zone 38N", "source": "Мониторинг DATA · train"}, "geometry": {"type": "Polygon", "coordinates": [[[47.6048222798915, 53.68835261844834], [49.05538806145587, 53.64797027044222], [48.97476032903755, 52.78713616784348], [47.55293538309465, 52.826279394963805], [47.6048222798915, 53.68835261844834]]]}}, {"type": "Feature", "id": "AF_tr_000133", "properties": {"id": "AF_tr_000133", "chip_id": "AF_tr_000133", "kind": "af", "task": "af", "split": "train", "utm_zone": 37, "gsd_m": 375.0, "width": 256, "height": 256, "crs": "WGS 84 / UTM zone 37N", "source": "Мониторинг DATA · train"}, "geometry": {"type": "Polygon", "coordinates": [[[41.369581744207984, 49.37639984805247], [42.68977179727024, 49.34176616241205], [42.626765158760016, 48.47993524429068], [41.32905454692745, 48.51353904721816], [41.369581744207984, 49.37639984805247]]]}}, {"type": "Feature", "id": "AF_tr_000134", "properties": {"id": "AF_tr_000134", "chip_id": "AF_tr_000134", "kind": "af", "task": "af", "split": "train", "utm_zone": 38, "gsd_m": 375.0, "width": 256, "height": 256, "crs": "WGS 84 / UTM zone 38N", "source": "Мониторинг DATA · train"}, "geometry": {"type": "Polygon", "coordinates": [[[42.17755369296443, 47.63866097384442], [43.45496496820575, 47.66298709307604], [43.47986538598567, 46.799450208872635], [42.222991102593575, 46.77584351989473], [42.17755369296443, 47.63866097384442]]]}}, {"type": "Feature", "id": "AF_tr_000135", "properties": {"id": "AF_tr_000135", "chip_id": "AF_tr_000135", "kind": "af", "task": "af", "split": "train", "utm_zone": 38, "gsd_m": 375.0, "width": 256, "height": 256, "crs": "WGS 84 / UTM zone 38N", "source": "Мониторинг DATA · train"}, "geometry": {"type": "Polygon", "coordinates": [[[42.12994588503688, 48.50131358048791], [43.428873674978014, 48.52638305660792], [43.45496496820575, 47.66298709307604], [42.17755369296443, 47.63866097384442], [42.12994588503688, 48.50131358048791]]]}}, {"type": "Feature", "id": "AF_tr_000136", "properties": {"id": "AF_tr_000136", "chip_id": "AF_tr_000136", "kind": "af", "task": "af", "split": "train", "utm_zone": 38, "gsd_m": 375.0, "width": 256, "height": 256, "crs": "WGS 84 / UTM zone 38N", "source": "Мониторинг DATA · train"}, "geometry": {"type": "Polygon", "coordinates": [[[42.080034194236326, 49.36379953296444], [43.40151811207814, 49.389637874228825], [43.428873674978014, 48.52638305660792], [42.12994588503688, 48.50131358048791], [42.080034194236326, 49.36379953296444]]]}}, {"type": "Feature", "id": "AF_tr_000137", "properties": {"id": "AF_tr_000137", "chip_id": "AF_tr_000137", "kind": "af", "task": "af", "split": "train", "utm_zone": 37, "gsd_m": 375.0, "width": 256, "height": 256, "crs": "WGS 84 / UTM zone 37N", "source": "Мониторинг DATA · train"}, "geometry": {"type": "Polygon", "coordinates": [[[37.45496496820575, 47.66298709307604], [38.73356615049983, 47.67308141048665], [38.737862079383504, 46.809245805748745], [37.47986538598567, 46.799450208872635], [37.45496496820575, 47.66298709307604]]]}}, {"type": "Feature", "id": "AF_tr_000138", "properties": {"id": "AF_tr_000138", "chip_id": "AF_tr_000138", "kind": "af", "task": "af", "split": "train", "utm_zone": 37, "gsd_m": 375.0, "width": 256, "height": 256, "crs": "WGS 84 / UTM zone 37N", "source": "Мониторинг DATA · train"}, "geometry": {"type": "Polygon", "coordinates": [[[37.428873674978014, 48.52638305660792], [38.72906466171082, 48.53678604774846], [38.73356615049983, 47.67308141048665], [37.45496496820575, 47.66298709307604], [37.428873674978014, 48.52638305660792]]]}}, {"type": "Feature", "id": "AF_tr_000139", "properties": {"id": "AF_tr_000139", "chip_id": "AF_tr_000139", "kind": "af", "task": "af", "split": "train", "utm_zone": 37, "gsd_m": 375.0, "width": 256, "height": 256, "crs": "WGS 84 / UTM zone 37N", "source": "Мониторинг DATA · train"}, "geometry": {"type": "Polygon", "coordinates": [[[37.40151811207814, 49.389637874228825], [38.72434493331615, 49.40036015153286], [38.72906466171082, 48.53678604774846], [37.428873674978014, 48.52638305660792], [37.40151811207814, 49.389637874228825]]]}}, {"type": "Feature", "id": "AF_tr_000140", "properties": {"id": "AF_tr_000140", "chip_id": "AF_tr_000140", "kind": "af", "task": "af", "split": "train", "utm_zone": 37, "gsd_m": 375.0, "width": 256, "height": 256, "crs": "WGS 84 / UTM zone 37N", "source": "Мониторинг DATA · train"}, "geometry": {"type": "Polygon", "coordinates": [[[37.311031050337974, 51.97855405294561], [38.70873207777713, 51.99030534022883], [38.71419435538326, 51.12711907494891], [37.3426877374103, 51.115723462765644], [37.311031050337974, 51.97855405294561]]]}}, {"type": "Feature", "id": "AF_tr_000141", "properties": {"id": "AF_tr_000141", "chip_id": "AF_tr_000141", "kind": "af", "task": "af", "split": "train", "utm_zone": 37, "gsd_m": 375.0, "width": 256, "height": 256, "crs": "WGS 84 / UTM zone 37N", "source": "Мониторинг DATA · train"}, "geometry": {"type": "Polygon", "coordinates": [[[38.70298840597799, 52.85336396126462], [40.128532916002136, 52.84837222877786], [40.10671421422226, 51.98546582575733], [38.70873207777713, 51.99030534022883], [38.70298840597799, 52.85336396126462]]]}}, {"type": "Feature", "id": "AF_tr_000142", "properties": {"id": "AF_tr_000142", "chip_id": "AF_tr_000142", "kind": "af", "task": "af", "split": "train", "utm_zone": 37, "gsd_m": 375.0, "width": 256, "height": 256, "crs": "WGS 84 / UTM zone 37N", "source": "Мониторинг DATA · train"}, "geometry": {"type": "Polygon", "coordinates": [[[38.70873207777713, 51.99030534022883], [40.10671421422226, 51.98546582575733], [40.0859641778546, 51.1224260591292], [38.71419435538326, 51.12711907494891], [38.70873207777713, 51.99030534022883]]]}}, {"type": "Feature", "id": "AF_tr_000143", "properties": {"id": "AF_tr_000143", "chip_id": "AF_tr_000143", "kind": "af", "task": "af", "split": "train", "utm_zone": 37, "gsd_m": 375.0, "width": 256, "height": 256, "crs": "WGS 84 / UTM zone 37N", "source": "Мониторинг DATA · train"}, "geometry": {"type": "Polygon", "coordinates": [[[40.0662147220547, 50.25925241720276], [41.41209882466145, 50.239105376228665], [41.369581744207984, 49.37639984805247], [40.04740358058268, 49.39594446950651], [40.0662147220547, 50.25925241720276]]]}}, {"type": "Feature", "id": "AF_tr_000144", "properties": {"id": "AF_tr_000144", "chip_id": "AF_tr_000144", "kind": "af", "task": "af", "split": "train", "utm_zone": 37, "gsd_m": 375.0, "width": 256, "height": 256, "crs": "WGS 84 / UTM zone 37N", "source": "Мониторинг DATA · train"}, "geometry": {"type": "Polygon", "coordinates": [[[41.41209882466145, 50.239105376228665], [42.755866416963, 50.203405410363104], [42.68977179727024, 49.34176616241205], [41.369581744207984, 49.37639984805247], [41.41209882466145, 50.239105376228665]]]}}, {"type": "Feature", "id": "AF_tr_000145", "properties": {"id": "AF_tr_000145", "chip_id": "AF_tr_000145", "kind": "af", "task": "af", "split": "train", "utm_zone": 37, "gsd_m": 375.0, "width": 256, "height": 256, "crs": "WGS 84 / UTM zone 37N", "source": "Мониторинг DATA · train"}, "geometry": {"type": "Polygon", "coordinates": [[[41.503628768481356, 51.96404629133559], [42.89813355031119, 51.92609439036883], [42.82524798393685, 51.06484942752325], [41.45673438841302, 51.101654561186145], [41.503628768481356, 51.96404629133559]]]}}, {"type": "Feature", "id": "AF_tr_000146", "properties": {"id": "AF_tr_000146", "chip_id": "AF_tr_000146", "kind": "af", "task": "af", "split": "train", "utm_zone": 37, "gsd_m": 375.0, "width": 256, "height": 256, "crs": "WGS 84 / UTM zone 37N", "source": "Мониторинг DATA · train"}, "geometry": {"type": "Polygon", "coordinates": [[[38.70873207777713, 51.99030534022883], [40.10671421422226, 51.98546582575733], [40.0859641778546, 51.1224260591292], [38.71419435538326, 51.12711907494891], [38.70873207777713, 51.99030534022883]]]}}, {"type": "Feature", "id": "AF_tr_000147", "properties": {"id": "AF_tr_000147", "chip_id": "AF_tr_000147", "kind": "af", "task": "af", "split": "train", "utm_zone": 37, "gsd_m": 375.0, "width": 256, "height": 256, "crs": "WGS 84 / UTM zone 37N", "source": "Мониторинг DATA · train"}, "geometry": {"type": "Polygon", "coordinates": [[[40.10671421422226, 51.98546582575733], [41.503628768481356, 51.96404629133559], [41.45673438841302, 51.101654561186145], [40.0859641778546, 51.1224260591292], [40.10671421422226, 51.98546582575733]]]}}, {"type": "Feature", "id": "AF_tr_000148", "properties": {"id": "AF_tr_000148", "chip_id": "AF_tr_000148", "kind": "af", "task": "af", "split": "train", "utm_zone": 37, "gsd_m": 375.0, "width": 256, "height": 256, "crs": "WGS 84 / UTM zone 37N", "source": "Мониторинг DATA · train"}, "geometry": {"type": "Polygon", "coordinates": [[[41.503628768481356, 51.96404629133559], [42.89813355031119, 51.92609439036883], [42.82524798393685, 51.06484942752325], [41.45673438841302, 51.101654561186145], [41.503628768481356, 51.96404629133559]]]}}, {"type": "Feature", "id": "AF_tr_000149", "properties": {"id": "AF_tr_000149", "chip_id": "AF_tr_000149", "kind": "af", "task": "af", "split": "train", "utm_zone": 38, "gsd_m": 375.0, "width": 256, "height": 256, "crs": "WGS 84 / UTM zone 38N", "source": "Мониторинг DATA · train"}, "geometry": {"type": "Polygon", "coordinates": [[[40.521850321640926, 51.905420512022324], [41.91495811232081, 51.95023813464002], [41.97270561053398, 51.08826385025585], [40.60550038843674, 51.044799461288115], [40.521850321640926, 51.905420512022324]]]}}, {"type": "Feature", "id": "AF_tr_000150", "properties": {"id": "AF_tr_000150", "chip_id": "AF_tr_000150", "kind": "af", "task": "af", "split": "train", "utm_zone": 37, "gsd_m": 375.0, "width": 256, "height": 256, "crs": "WGS 84 / UTM zone 37N", "source": "Мониторинг DATA · train"}, "geometry": {"type": "Polygon", "coordinates": [[[40.10671421422226, 51.98546582575733], [41.503628768481356, 51.96404629133559], [41.45673438841302, 51.101654561186145], [40.0859641778546, 51.1224260591292], [40.10671421422226, 51.98546582575733]]]}}, {"type": "Feature", "id": "AF_tr_000151", "properties": {"id": "AF_tr_000151", "chip_id": "AF_tr_000151", "kind": "af", "task": "af", "split": "train", "utm_zone": 38, "gsd_m": 375.0, "width": 256, "height": 256, "crs": "WGS 84 / UTM zone 38N", "source": "Мониторинг DATA · train"}, "geometry": {"type": "Polygon", "coordinates": [[[40.521850321640926, 51.905420512022324], [41.91495811232081, 51.95023813464002], [41.97270561053398, 51.08826385025585], [40.60550038843674, 51.044799461288115], [40.521850321640926, 51.905420512022324]]]}}, {"type": "Feature", "id": "AF_tr_000152", "properties": {"id": "AF_tr_000152", "chip_id": "AF_tr_000152", "kind": "af", "task": "af", "split": "train", "utm_zone": 38, "gsd_m": 375.0, "width": 256, "height": 256, "crs": "WGS 84 / UTM zone 38N", "source": "Мониторинг DATA · train"}, "geometry": {"type": "Polygon", "coordinates": [[[41.7903519726391, 53.67365966308021], [43.242714762523796, 53.70379065183828], [43.27774462005015, 52.84124311849035], [41.85424240713865, 52.812037550553406], [41.7903519726391, 53.67365966308021]]]}}, {"type": "Feature", "id": "AF_tr_000153", "properties": {"id": "AF_tr_000153", "chip_id": "AF_tr_000153", "kind": "af", "task": "af", "split": "train", "utm_zone": 37, "gsd_m": 375.0, "width": 256, "height": 256, "crs": "WGS 84 / UTM zone 37N", "source": "Мониторинг DATA · train"}, "geometry": {"type": "Polygon", "coordinates": [[[38.6969436903302, 53.71629594350895], [40.151494875203916, 53.711145856053065], [40.128532916002136, 52.84837222877786], [38.70298840597799, 52.85336396126462], [38.6969436903302, 53.71629594350895]]]}}, {"type": "Feature", "id": "AF_tr_000154", "properties": {"id": "AF_tr_000154", "chip_id": "AF_tr_000154", "kind": "af", "task": "af", "split": "train", "utm_zone": 37, "gsd_m": 375.0, "width": 256, "height": 256, "crs": "WGS 84 / UTM zone 37N", "source": "Мониторинг DATA · train"}, "geometry": {"type": "Polygon", "coordinates": [[[40.0859641778546, 51.1224260591292], [41.45673438841302, 51.101654561186145], [41.41209882466145, 50.239105376228665], [40.0662147220547, 50.25925241720276], [40.0859641778546, 51.1224260591292]]]}}, {"type": "Feature", "id": "AF_tr_000155", "properties": {"id": "AF_tr_000155", "chip_id": "AF_tr_000155", "kind": "af", "task": "af", "split": "train", "utm_zone": 37, "gsd_m": 375.0, "width": 256, "height": 256, "crs": "WGS 84 / UTM zone 37N", "source": "Мониторинг DATA · train"}, "geometry": {"type": "Polygon", "coordinates": [[[41.6048222798915, 53.68835261844834], [43.05538806145587, 53.64797027044222], [42.97476032903755, 52.78713616784348], [41.55293538309465, 52.826279394963805], [41.6048222798915, 53.68835261844834]]]}}, {"type": "Feature", "id": "AF_tr_000156", "properties": {"id": "AF_tr_000156", "chip_id": "AF_tr_000156", "kind": "af", "task": "af", "split": "train", "utm_zone": 38, "gsd_m": 375.0, "width": 256, "height": 256, "crs": "WGS 84 / UTM zone 38N", "source": "Мониторинг DATA · train"}, "geometry": {"type": "Polygon", "coordinates": [[[40.60550038843674, 51.044799461288115], [41.97270561053398, 51.08826385025585], [42.027673469449226, 50.226116949269624], [40.68513316838952, 50.18395679157657], [40.60550038843674, 51.044799461288115]]]}}, {"type": "Feature", "id": "AF_tr_000157", "properties": {"id": "AF_tr_000157", "chip_id": "AF_tr_000157", "kind": "af", "task": "af", "split": "train", "utm_zone": 38, "gsd_m": 375.0, "width": 256, "height": 256, "crs": "WGS 84 / UTM zone 38N", "source": "Мониторинг DATA · train"}, "geometry": {"type": "Polygon", "coordinates": [[[40.521850321640926, 51.905420512022324], [41.91495811232081, 51.95023813464002], [41.97270561053398, 51.08826385025585], [40.60550038843674, 51.044799461288115], [40.521850321640926, 51.905420512022324]]]}}, {"type": "Feature", "id": "AF_tr_000158", "properties": {"id": "AF_tr_000158", "chip_id": "AF_tr_000158", "kind": "af", "task": "af", "split": "train", "utm_zone": 37, "gsd_m": 375.0, "width": 256, "height": 256, "crs": "WGS 84 / UTM zone 37N", "source": "Мониторинг DATA · train"}, "geometry": {"type": "Polygon", "coordinates": [[[37.242714762523796, 53.70379065183828], [38.6969436903302, 53.71629594350895], [38.70298840597799, 52.85336396126462], [37.27774462005015, 52.84124311849035], [37.242714762523796, 53.70379065183828]]]}}, {"type": "Feature", "id": "AF_tr_000159", "properties": {"id": "AF_tr_000159", "chip_id": "AF_tr_000159", "kind": "af", "task": "af", "split": "train", "utm_zone": 37, "gsd_m": 375.0, "width": 256, "height": 256, "crs": "WGS 84 / UTM zone 37N", "source": "Мониторинг DATA · train"}, "geometry": {"type": "Polygon", "coordinates": [[[40.151494875203916, 53.711145856053065], [41.6048222798915, 53.68835261844834], [41.55293538309465, 52.826279394963805], [40.128532916002136, 52.84837222877786], [40.151494875203916, 53.711145856053065]]]}}, {"type": "Feature", "id": "AF_tr_000160", "properties": {"id": "AF_tr_000160", "chip_id": "AF_tr_000160", "kind": "af", "task": "af", "split": "train", "utm_zone": 37, "gsd_m": 375.0, "width": 256, "height": 256, "crs": "WGS 84 / UTM zone 37N", "source": "Мониторинг DATA · train"}, "geometry": {"type": "Polygon", "coordinates": [[[41.6048222798915, 53.68835261844834], [43.05538806145587, 53.64797027044222], [42.97476032903755, 52.78713616784348], [41.55293538309465, 52.826279394963805], [41.6048222798915, 53.68835261844834]]]}}, {"type": "Feature", "id": "AF_tr_000161", "properties": {"id": "AF_tr_000161", "chip_id": "AF_tr_000161", "kind": "af", "task": "af", "split": "train", "utm_zone": 38, "gsd_m": 375.0, "width": 256, "height": 256, "crs": "WGS 84 / UTM zone 38N", "source": "Мониторинг DATA · train"}, "geometry": {"type": "Polygon", "coordinates": [[[40.521850321640926, 51.905420512022324], [41.91495811232081, 51.95023813464002], [41.97270561053398, 51.08826385025585], [40.60550038843674, 51.044799461288115], [40.521850321640926, 51.905420512022324]]]}}, {"type": "Feature", "id": "AF_tr_000162", "properties": {"id": "AF_tr_000162", "chip_id": "AF_tr_000162", "kind": "af", "task": "af", "split": "train", "utm_zone": 38, "gsd_m": 375.0, "width": 256, "height": 256, "crs": "WGS 84 / UTM zone 38N", "source": "Мониторинг DATA · train"}, "geometry": {"type": "Polygon", "coordinates": [[[40.341386694416066, 53.625974326833294], [41.7903519726391, 53.67365966308021], [41.85424240713865, 52.812037550553406], [40.433911491137835, 52.76581421314698], [40.341386694416066, 53.625974326833294]]]}}, {"type": "Feature", "id": "AF_tr_000163", "properties": {"id": "AF_tr_000163", "chip_id": "AF_tr_000163", "kind": "af", "task": "af", "split": "train", "utm_zone": 37, "gsd_m": 375.0, "width": 256, "height": 256, "crs": "WGS 84 / UTM zone 37N", "source": "Мониторинг DATA · train"}, "geometry": {"type": "Polygon", "coordinates": [[[37.50364251782545, 45.93577269528009], [38.74196412431145, 45.945278916466506], [38.74588305338949, 45.08118054308293], [37.52635870253507, 45.07195491509202], [37.50364251782545, 45.93577269528009]]]}}, {"type": "Feature", "id": "AF_tr_000164", "properties": {"id": "AF_tr_000164", "chip_id": "AF_tr_000164", "kind": "af", "task": "af", "split": "train", "utm_zone": 37, "gsd_m": 375.0, "width": 256, "height": 256, "crs": "WGS 84 / UTM zone 37N", "source": "Мониторинг DATA · train"}, "geometry": {"type": "Polygon", "coordinates": [[[37.47986538598567, 46.799450208872635], [38.737862079383504, 46.809245805748745], [38.74196412431145, 45.945278916466506], [37.50364251782545, 45.93577269528009], [37.47986538598567, 46.799450208872635]]]}}, {"type": "Feature", "id": "AF_tr_000165", "properties": {"id": "AF_tr_000165", "chip_id": "AF_tr_000165", "kind": "af", "task": "af", "split": "train", "utm_zone": 37, "gsd_m": 375.0, "width": 256, "height": 256, "crs": "WGS 84 / UTM zone 37N", "source": "Мониторинг DATA · train"}, "geometry": {"type": "Polygon", "coordinates": [[[37.242714762523796, 53.70379065183828], [38.6969436903302, 53.71629594350895], [38.70298840597799, 52.85336396126462], [37.27774462005015, 52.84124311849035], [37.242714762523796, 53.70379065183828]]]}}, {"type": "Feature", "id": "AF_tr_000166", "properties": {"id": "AF_tr_000166", "chip_id": "AF_tr_000166", "kind": "af", "task": "af", "split": "train", "utm_zone": 37, "gsd_m": 375.0, "width": 256, "height": 256, "crs": "WGS 84 / UTM zone 37N", "source": "Мониторинг DATA · train"}, "geometry": {"type": "Polygon", "coordinates": [[[40.151494875203916, 53.711145856053065], [41.6048222798915, 53.68835261844834], [41.55293538309465, 52.826279394963805], [40.128532916002136, 52.84837222877786], [40.151494875203916, 53.711145856053065]]]}}, {"type": "Feature", "id": "AF_tr_000167", "properties": {"id": "AF_tr_000167", "chip_id": "AF_tr_000167", "kind": "af", "task": "af", "split": "train", "utm_zone": 37, "gsd_m": 375.0, "width": 256, "height": 256, "crs": "WGS 84 / UTM zone 37N", "source": "Мониторинг DATA · train"}, "geometry": {"type": "Polygon", "coordinates": [[[41.6048222798915, 53.68835261844834], [43.05538806145587, 53.64797027044222], [42.97476032903755, 52.78713616784348], [41.55293538309465, 52.826279394963805], [41.6048222798915, 53.68835261844834]]]}}, {"type": "Feature", "id": "AF_tr_000168", "properties": {"id": "AF_tr_000168", "chip_id": "AF_tr_000168", "kind": "af", "task": "af", "split": "train", "utm_zone": 38, "gsd_m": 375.0, "width": 256, "height": 256, "crs": "WGS 84 / UTM zone 38N", "source": "Мониторинг DATA · train"}, "geometry": {"type": "Polygon", "coordinates": [[[40.521850321640926, 51.905420512022324], [41.91495811232081, 51.95023813464002], [41.97270561053398, 51.08826385025585], [40.60550038843674, 51.044799461288115], [40.521850321640926, 51.905420512022324]]]}}, {"type": "Feature", "id": "AF_tr_000169", "properties": {"id": "AF_tr_000169", "chip_id": "AF_tr_000169", "kind": "af", "task": "af", "split": "train", "utm_zone": 38, "gsd_m": 375.0, "width": 256, "height": 256, "crs": "WGS 84 / UTM zone 38N", "source": "Мониторинг DATA · train"}, "geometry": {"type": "Polygon", "coordinates": [[[40.341386694416066, 53.625974326833294], [41.7903519726391, 53.67365966308021], [41.85424240713865, 52.812037550553406], [40.433911491137835, 52.76581421314698], [40.341386694416066, 53.625974326833294]]]}}, {"type": "Feature", "id": "AF_tr_000170", "properties": {"id": "AF_tr_000170", "chip_id": "AF_tr_000170", "kind": "af", "task": "af", "split": "train", "utm_zone": 38, "gsd_m": 375.0, "width": 256, "height": 256, "crs": "WGS 84 / UTM zone 38N", "source": "Мониторинг DATA · train"}, "geometry": {"type": "Polygon", "coordinates": [[[41.7903519726391, 53.67365966308021], [43.242714762523796, 53.70379065183828], [43.27774462005015, 52.84124311849035], [41.85424240713865, 52.812037550553406], [41.7903519726391, 53.67365966308021]]]}}, {"type": "Feature", "id": "AF_tr_000171", "properties": {"id": "AF_tr_000171", "chip_id": "AF_tr_000171", "kind": "af", "task": "af", "split": "train", "utm_zone": 37, "gsd_m": 375.0, "width": 256, "height": 256, "crs": "WGS 84 / UTM zone 37N", "source": "Мониторинг DATA · train"}, "geometry": {"type": "Polygon", "coordinates": [[[37.45496496820575, 47.66298709307604], [38.73356615049983, 47.67308141048665], [38.737862079383504, 46.809245805748745], [37.47986538598567, 46.799450208872635], [37.45496496820575, 47.66298709307604]]]}}, {"type": "Feature", "id": "AF_tr_000172", "properties": {"id": "AF_tr_000172", "chip_id": "AF_tr_000172", "kind": "af", "task": "af", "split": "train", "utm_zone": 37, "gsd_m": 375.0, "width": 256, "height": 256, "crs": "WGS 84 / UTM zone 37N", "source": "Мониторинг DATA · train"}, "geometry": {"type": "Polygon", "coordinates": [[[37.428873674978014, 48.52638305660792], [38.72906466171082, 48.53678604774846], [38.73356615049983, 47.67308141048665], [37.45496496820575, 47.66298709307604], [37.428873674978014, 48.52638305660792]]]}}, {"type": "Feature", "id": "AF_tr_000173", "properties": {"id": "AF_tr_000173", "chip_id": "AF_tr_000173", "kind": "af", "task": "af", "split": "train", "utm_zone": 38, "gsd_m": 375.0, "width": 256, "height": 256, "crs": "WGS 84 / UTM zone 38N", "source": "Мониторинг DATA · train"}, "geometry": {"type": "Polygon", "coordinates": [[[47.55293538309465, 52.826279394963805], [48.97476032903755, 52.78713616784348], [48.89813355031119, 51.92609439036883], [47.503628768481356, 51.96404629133559], [47.55293538309465, 52.826279394963805]]]}}, {"type": "Feature", "id": "AF_tr_000174", "properties": {"id": "AF_tr_000174", "chip_id": "AF_tr_000174", "kind": "af", "task": "af", "split": "train", "utm_zone": 37, "gsd_m": 375.0, "width": 256, "height": 256, "crs": "WGS 84 / UTM zone 37N", "source": "Мониторинг DATA · train"}, "geometry": {"type": "Polygon", "coordinates": [[[41.184620547490965, 45.06056397730613], [42.40217583254263, 45.030758950981784], [42.35214132850457, 44.16801638963856], [41.15244870054454, 44.19694250367341], [41.184620547490965, 45.06056397730613]]]}}, {"type": "Feature", "id": "AF_tr_000175", "properties": {"id": "AF_tr_000175", "chip_id": "AF_tr_000175", "kind": "af", "task": "af", "split": "train", "utm_zone": 37, "gsd_m": 375.0, "width": 256, "height": 256, "crs": "WGS 84 / UTM zone 37N", "source": "Мониторинг DATA · train"}, "geometry": {"type": "Polygon", "coordinates": [[[41.21827827859069, 45.92403543729128], [42.454517956156735, 45.893324923006475], [42.40217583254263, 45.030758950981784], [41.184620547490965, 45.06056397730613], [41.21827827859069, 45.92403543729128]]]}}, {"type": "Feature", "id": "AF_tr_000176", "properties": {"id": "AF_tr_000176", "chip_id": "AF_tr_000176", "kind": "af", "task": "af", "split": "train", "utm_zone": 38, "gsd_m": 375.0, "width": 256, "height": 256, "crs": "WGS 84 / UTM zone 38N", "source": "Мониторинг DATA · train"}, "geometry": {"type": "Polygon", "coordinates": [[[42.027673469449226, 50.226116949269624], [43.372818454529856, 50.25275138051406], [43.40151811207814, 49.389637874228825], [42.080034194236326, 49.36379953296444], [42.027673469449226, 50.226116949269624]]]}}, {"type": "Feature", "id": "AF_tr_000177", "properties": {"id": "AF_tr_000177", "chip_id": "AF_tr_000177", "kind": "af", "task": "af", "split": "train", "utm_zone": 38, "gsd_m": 375.0, "width": 256, "height": 256, "crs": "WGS 84 / UTM zone 38N", "source": "Мониторинг DATA · train"}, "geometry": {"type": "Polygon", "coordinates": [[[41.97270561053398, 51.08826385025585], [43.3426877374103, 51.115723462765644], [43.372818454529856, 50.25275138051406], [42.027673469449226, 50.226116949269624], [41.97270561053398, 51.08826385025585]]]}}, {"type": "Feature", "id": "AF_tr_000178", "properties": {"id": "AF_tr_000178", "chip_id": "AF_tr_000178", "kind": "af", "task": "af", "split": "train", "utm_zone": 38, "gsd_m": 375.0, "width": 256, "height": 256, "crs": "WGS 84 / UTM zone 38N", "source": "Мониторинг DATA · train"}, "geometry": {"type": "Polygon", "coordinates": [[[43.428873674978014, 48.52638305660792], [44.72906466171082, 48.53678604774846], [44.73356615049983, 47.67308141048665], [43.45496496820575, 47.66298709307604], [43.428873674978014, 48.52638305660792]]]}}, {"type": "Feature", "id": "AF_tr_000179", "properties": {"id": "AF_tr_000179", "chip_id": "AF_tr_000179", "kind": "af", "task": "af", "split": "train", "utm_zone": 38, "gsd_m": 375.0, "width": 256, "height": 256, "crs": "WGS 84 / UTM zone 38N", "source": "Мониторинг DATA · train"}, "geometry": {"type": "Polygon", "coordinates": [[[44.719393173472845, 50.26380427206238], [46.0662147220547, 50.25925241720276], [46.04740358058268, 49.39594446950651], [44.72434493331615, 49.40036015153286], [44.719393173472845, 50.26380427206238]]]}}, {"type": "Feature", "id": "AF_tr_000180", "properties": {"id": "AF_tr_000180", "chip_id": "AF_tr_000180", "kind": "af", "task": "af", "split": "train", "utm_zone": 37, "gsd_m": 375.0, "width": 256, "height": 256, "crs": "WGS 84 / UTM zone 37N", "source": "Мониторинг DATA · train"}, "geometry": {"type": "Polygon", "coordinates": [[[37.50364251782545, 45.93577269528009], [38.74196412431145, 45.945278916466506], [38.74588305338949, 45.08118054308293], [37.52635870253507, 45.07195491509202], [37.50364251782545, 45.93577269528009]]]}}, {"type": "Feature", "id": "AF_tr_000181", "properties": {"id": "AF_tr_000181", "chip_id": "AF_tr_000181", "kind": "af", "task": "af", "split": "train", "utm_zone": 37, "gsd_m": 375.0, "width": 256, "height": 256, "crs": "WGS 84 / UTM zone 37N", "source": "Мониторинг DATA · train"}, "geometry": {"type": "Polygon", "coordinates": [[[41.32905454692745, 48.51353904721816], [42.626765158760016, 48.47993524429068], [42.566663797985974, 47.61791599293374], [41.290399177935114, 47.650524020028996], [41.32905454692745, 48.51353904721816]]]}}, {"type": "Feature", "id": "AF_tr_000182", "properties": {"id": "AF_tr_000182", "chip_id": "AF_tr_000182", "kind": "af", "task": "af", "split": "train", "utm_zone": 38, "gsd_m": 375.0, "width": 256, "height": 256, "crs": "WGS 84 / UTM zone 38N", "source": "Мониторинг DATA · train"}, "geometry": {"type": "Polygon", "coordinates": [[[40.833319996935785, 48.46162737259741], [42.12994588503688, 48.50131358048791], [42.17755369296443, 47.63866097384442], [40.9023110286603, 47.600150107300536], [40.833319996935785, 48.46162737259741]]]}}, {"type": "Feature", "id": "AF_tr_000183", "properties": {"id": "AF_tr_000183", "chip_id": "AF_tr_000183", "kind": "af", "task": "af", "split": "train", "utm_zone": 38, "gsd_m": 375.0, "width": 256, "height": 256, "crs": "WGS 84 / UTM zone 38N", "source": "Мониторинг DATA · train"}, "geometry": {"type": "Polygon", "coordinates": [[[41.85424240713865, 52.812037550553406], [43.27774462005015, 52.84124311849035], [43.311031050337974, 51.97855405294561], [41.91495811232081, 51.95023813464002], [41.85424240713865, 52.812037550553406]]]}}, {"type": "Feature", "id": "AF_tr_000184", "properties": {"id": "AF_tr_000184", "chip_id": "AF_tr_000184", "kind": "af", "task": "af", "split": "train", "utm_zone": 37, "gsd_m": 375.0, "width": 256, "height": 256, "crs": "WGS 84 / UTM zone 37N", "source": "Мониторинг DATA · train"}, "geometry": {"type": "Polygon", "coordinates": [[[37.52635870253507, 45.07195491509202], [38.74588305338949, 45.08118054308293], [38.74962881194533, 44.21695060400904], [37.54807151969758, 44.20799730740711], [37.52635870253507, 45.07195491509202]]]}}, {"type": "Feature", "id": "AF_tr_000185", "properties": {"id": "AF_tr_000185", "chip_id": "AF_tr_000185", "kind": "af", "task": "af", "split": "train", "utm_zone": 38, "gsd_m": 375.0, "width": 256, "height": 256, "crs": "WGS 84 / UTM zone 38N", "source": "Мониторинг DATA · train"}, "geometry": {"type": "Polygon", "coordinates": [[[43.52635870253507, 45.07195491509202], [44.74588305338949, 45.08118054308293], [44.74962881194533, 44.21695060400904], [43.54807151969758, 44.20799730740711], [43.52635870253507, 45.07195491509202]]]}}, {"type": "Feature", "id": "AF_tr_000186", "properties": {"id": "AF_tr_000186", "chip_id": "AF_tr_000186", "kind": "af", "task": "af", "split": "train", "utm_zone": 38, "gsd_m": 375.0, "width": 256, "height": 256, "crs": "WGS 84 / UTM zone 38N", "source": "Мониторинг DATA · train"}, "geometry": {"type": "Polygon", "coordinates": [[[43.428873674978014, 48.52638305660792], [44.72906466171082, 48.53678604774846], [44.73356615049983, 47.67308141048665], [43.45496496820575, 47.66298709307604], [43.428873674978014, 48.52638305660792]]]}}, {"type": "Feature", "id": "AF_tr_000187", "properties": {"id": "AF_tr_000187", "chip_id": "AF_tr_000187", "kind": "af", "task": "af", "split": "train", "utm_zone": 37, "gsd_m": 375.0, "width": 256, "height": 256, "crs": "WGS 84 / UTM zone 37N", "source": "Мониторинг DATA · train"}, "geometry": {"type": "Polygon", "coordinates": [[[37.52635870253507, 45.07195491509202], [38.74588305338949, 45.08118054308293], [38.74962881194533, 44.21695060400904], [37.54807151969758, 44.20799730740711], [37.52635870253507, 45.07195491509202]]]}}, {"type": "Feature", "id": "AF_tr_000188", "properties": {"id": "AF_tr_000188", "chip_id": "AF_tr_000188", "kind": "af", "task": "af", "split": "train", "utm_zone": 37, "gsd_m": 375.0, "width": 256, "height": 256, "crs": "WGS 84 / UTM zone 37N", "source": "Мониторинг DATA · train"}, "geometry": {"type": "Polygon", "coordinates": [[[39.98046870974709, 45.94136408799433], [41.21827827859069, 45.92403543729128], [41.184620547490965, 45.06056397730613], [39.965580450441, 45.07738127887619], [39.98046870974709, 45.94136408799433]]]}}, {"type": "Feature", "id": "AF_tr_000189", "properties": {"id": "AF_tr_000189", "chip_id": "AF_tr_000189", "kind": "af", "task": "af", "split": "train", "utm_zone": 37, "gsd_m": 375.0, "width": 256, "height": 256, "crs": "WGS 84 / UTM zone 37N", "source": "Мониторинг DATA · train"}, "geometry": {"type": "Polygon", "coordinates": [[[37.428873674978014, 48.52638305660792], [38.72906466171082, 48.53678604774846], [38.73356615049983, 47.67308141048665], [37.45496496820575, 47.66298709307604], [37.428873674978014, 48.52638305660792]]]}}, {"type": "Feature", "id": "AF_tr_000190", "properties": {"id": "AF_tr_000190", "chip_id": "AF_tr_000190", "kind": "af", "task": "af", "split": "train", "utm_zone": 37, "gsd_m": 375.0, "width": 256, "height": 256, "crs": "WGS 84 / UTM zone 37N", "source": "Мониторинг DATA · train"}, "geometry": {"type": "Polygon", "coordinates": [[[37.311031050337974, 51.97855405294561], [38.70873207777713, 51.99030534022883], [38.71419435538326, 51.12711907494891], [37.3426877374103, 51.115723462765644], [37.311031050337974, 51.97855405294561]]]}}, {"type": "Feature", "id": "AF_tr_000191", "properties": {"id": "AF_tr_000191", "chip_id": "AF_tr_000191", "kind": "af", "task": "af", "split": "train", "utm_zone": 37, "gsd_m": 375.0, "width": 256, "height": 256, "crs": "WGS 84 / UTM zone 37N", "source": "Мониторинг DATA · train"}, "geometry": {"type": "Polygon", "coordinates": [[[38.70298840597799, 52.85336396126462], [40.128532916002136, 52.84837222877786], [40.10671421422226, 51.98546582575733], [38.70873207777713, 51.99030534022883], [38.70298840597799, 52.85336396126462]]]}}, {"type": "Feature", "id": "AF_tr_000192", "properties": {"id": "AF_tr_000192", "chip_id": "AF_tr_000192", "kind": "af", "task": "af", "split": "train", "utm_zone": 37, "gsd_m": 375.0, "width": 256, "height": 256, "crs": "WGS 84 / UTM zone 37N", "source": "Мониторинг DATA · train"}, "geometry": {"type": "Polygon", "coordinates": [[[40.0662147220547, 50.25925241720276], [41.41209882466145, 50.239105376228665], [41.369581744207984, 49.37639984805247], [40.04740358058268, 49.39594446950651], [40.0662147220547, 50.25925241720276]]]}}, {"type": "Feature", "id": "AF_tr_000193", "properties": {"id": "AF_tr_000193", "chip_id": "AF_tr_000193", "kind": "af", "task": "af", "split": "train", "utm_zone": 38, "gsd_m": 375.0, "width": 256, "height": 256, "crs": "WGS 84 / UTM zone 38N", "source": "Мониторинг DATA · train"}, "geometry": {"type": "Polygon", "coordinates": [[[40.68513316838952, 50.18395679157657], [42.027673469449226, 50.226116949269624], [42.080034194236326, 49.36379953296444], [40.760997109806226, 49.32289779282821], [40.68513316838952, 50.18395679157657]]]}}, {"type": "Feature", "id": "AF_tr_000194", "properties": {"id": "AF_tr_000194", "chip_id": "AF_tr_000194", "kind": "af", "task": "af", "split": "train", "utm_zone": 37, "gsd_m": 375.0, "width": 256, "height": 256, "crs": "WGS 84 / UTM zone 37N", "source": "Мониторинг DATA · train"}, "geometry": {"type": "Polygon", "coordinates": [[[37.50364251782545, 45.93577269528009], [38.74196412431145, 45.945278916466506], [38.74588305338949, 45.08118054308293], [37.52635870253507, 45.07195491509202], [37.50364251782545, 45.93577269528009]]]}}, {"type": "Feature", "id": "AF_tr_000195", "properties": {"id": "AF_tr_000195", "chip_id": "AF_tr_000195", "kind": "af", "task": "af", "split": "train", "utm_zone": 37, "gsd_m": 375.0, "width": 256, "height": 256, "crs": "WGS 84 / UTM zone 37N", "source": "Мониторинг DATA · train"}, "geometry": {"type": "Polygon", "coordinates": [[[37.47986538598567, 46.799450208872635], [38.737862079383504, 46.809245805748745], [38.74196412431145, 45.945278916466506], [37.50364251782545, 45.93577269528009], [37.47986538598567, 46.799450208872635]]]}}, {"type": "Feature", "id": "AF_tr_000196", "properties": {"id": "AF_tr_000196", "chip_id": "AF_tr_000196", "kind": "af", "task": "af", "split": "train", "utm_zone": 37, "gsd_m": 375.0, "width": 256, "height": 256, "crs": "WGS 84 / UTM zone 37N", "source": "Мониторинг DATA · train"}, "geometry": {"type": "Polygon", "coordinates": [[[37.45496496820575, 47.66298709307604], [38.73356615049983, 47.67308141048665], [38.737862079383504, 46.809245805748745], [37.47986538598567, 46.799450208872635], [37.45496496820575, 47.66298709307604]]]}}, {"type": "Feature", "id": "AF_tr_000197", "properties": {"id": "AF_tr_000197", "chip_id": "AF_tr_000197", "kind": "af", "task": "af", "split": "train", "utm_zone": 37, "gsd_m": 375.0, "width": 256, "height": 256, "crs": "WGS 84 / UTM zone 37N", "source": "Мониторинг DATA · train"}, "geometry": {"type": "Polygon", "coordinates": [[[37.372818454529856, 50.25275138051406], [38.719393173472845, 50.26380427206238], [38.72434493331615, 49.40036015153286], [37.40151811207814, 49.389637874228825], [37.372818454529856, 50.25275138051406]]]}}, {"type": "Feature", "id": "AF_tr_000198", "properties": {"id": "AF_tr_000198", "chip_id": "AF_tr_000198", "kind": "af", "task": "af", "split": "train", "utm_zone": 37, "gsd_m": 375.0, "width": 256, "height": 256, "crs": "WGS 84 / UTM zone 37N", "source": "Мониторинг DATA · train"}, "geometry": {"type": "Polygon", "coordinates": [[[38.70298840597799, 52.85336396126462], [40.128532916002136, 52.84837222877786], [40.10671421422226, 51.98546582575733], [38.70873207777713, 51.99030534022883], [38.70298840597799, 52.85336396126462]]]}}, {"type": "Feature", "id": "AF_tr_000199", "properties": {"id": "AF_tr_000199", "chip_id": "AF_tr_000199", "kind": "af", "task": "af", "split": "train", "utm_zone": 37, "gsd_m": 375.0, "width": 256, "height": 256, "crs": "WGS 84 / UTM zone 37N", "source": "Мониторинг DATA · train"}, "geometry": {"type": "Polygon", "coordinates": [[[40.10671421422226, 51.98546582575733], [41.503628768481356, 51.96404629133559], [41.45673438841302, 51.101654561186145], [40.0859641778546, 51.1224260591292], [40.10671421422226, 51.98546582575733]]]}}, {"type": "Feature", "id": "AF_tr_000200", "properties": {"id": "AF_tr_000200", "chip_id": "AF_tr_000200", "kind": "af", "task": "af", "split": "train", "utm_zone": 37, "gsd_m": 375.0, "width": 256, "height": 256, "crs": "WGS 84 / UTM zone 37N", "source": "Мониторинг DATA · train"}, "geometry": {"type": "Polygon", "coordinates": [[[40.128532916002136, 52.84837222877786], [41.55293538309465, 52.826279394963805], [41.503628768481356, 51.96404629133559], [40.10671421422226, 51.98546582575733], [40.128532916002136, 52.84837222877786]]]}}, {"type": "Feature", "id": "AF_tr_000201", "properties": {"id": "AF_tr_000201", "chip_id": "AF_tr_000201", "kind": "af", "task": "af", "split": "train", "utm_zone": 38, "gsd_m": 375.0, "width": 256, "height": 256, "crs": "WGS 84 / UTM zone 38N", "source": "Мониторинг DATA · train"}, "geometry": {"type": "Polygon", "coordinates": [[[40.760997109806226, 49.32289779282821], [42.080034194236326, 49.36379953296444], [42.12994588503688, 48.50131358048791], [40.833319996935785, 48.46162737259741], [40.760997109806226, 49.32289779282821]]]}}, {"type": "Feature", "id": "AF_tr_000202", "properties": {"id": "AF_tr_000202", "chip_id": "AF_tr_000202", "kind": "af", "task": "af", "split": "train", "utm_zone": 38, "gsd_m": 375.0, "width": 256, "height": 256, "crs": "WGS 84 / UTM zone 38N", "source": "Мониторинг DATA · train"}, "geometry": {"type": "Polygon", "coordinates": [[[42.027673469449226, 50.226116949269624], [43.372818454529856, 50.25275138051406], [43.40151811207814, 49.389637874228825], [42.080034194236326, 49.36379953296444], [42.027673469449226, 50.226116949269624]]]}}, {"type": "Feature", "id": "AF_tr_000203", "properties": {"id": "AF_tr_000203", "chip_id": "AF_tr_000203", "kind": "af", "task": "af", "split": "train", "utm_zone": 37, "gsd_m": 375.0, "width": 256, "height": 256, "crs": "WGS 84 / UTM zone 37N", "source": "Мониторинг DATA · train"}, "geometry": {"type": "Polygon", "coordinates": [[[37.50364251782545, 45.93577269528009], [38.74196412431145, 45.945278916466506], [38.74588305338949, 45.08118054308293], [37.52635870253507, 45.07195491509202], [37.50364251782545, 45.93577269528009]]]}}, {"type": "Feature", "id": "AF_tr_000204", "properties": {"id": "AF_tr_000204", "chip_id": "AF_tr_000204", "kind": "af", "task": "af", "split": "train", "utm_zone": 37, "gsd_m": 375.0, "width": 256, "height": 256, "crs": "WGS 84 / UTM zone 37N", "source": "Мониторинг DATA · train"}, "geometry": {"type": "Polygon", "coordinates": [[[38.70298840597799, 52.85336396126462], [40.128532916002136, 52.84837222877786], [40.10671421422226, 51.98546582575733], [38.70873207777713, 51.99030534022883], [38.70298840597799, 52.85336396126462]]]}}, {"type": "Feature", "id": "AF_tr_000205", "properties": {"id": "AF_tr_000205", "chip_id": "AF_tr_000205", "kind": "af", "task": "af", "split": "train", "utm_zone": 37, "gsd_m": 375.0, "width": 256, "height": 256, "crs": "WGS 84 / UTM zone 37N", "source": "Мониторинг DATA · train"}, "geometry": {"type": "Polygon", "coordinates": [[[41.184620547490965, 45.06056397730613], [42.40217583254263, 45.030758950981784], [42.35214132850457, 44.16801638963856], [41.15244870054454, 44.19694250367341], [41.184620547490965, 45.06056397730613]]]}}, {"type": "Feature", "id": "AF_tr_000206", "properties": {"id": "AF_tr_000206", "chip_id": "AF_tr_000206", "kind": "af", "task": "af", "split": "train", "utm_zone": 38, "gsd_m": 375.0, "width": 256, "height": 256, "crs": "WGS 84 / UTM zone 38N", "source": "Мониторинг DATA · train"}, "geometry": {"type": "Polygon", "coordinates": [[[41.09114321495457, 45.0145189500003], [42.30783699823378, 45.0497210359343], [42.34746368163374, 44.18641940747388], [41.148586956697564, 44.152254919921], [41.09114321495457, 45.0145189500003]]]}}, {"type": "Feature", "id": "AF_tr_000207", "properties": {"id": "AF_tr_000207", "chip_id": "AF_tr_000207", "kind": "af", "task": "af", "split": "train", "utm_zone": 38, "gsd_m": 375.0, "width": 256, "height": 256, "crs": "WGS 84 / UTM zone 38N", "source": "Мониторинг DATA · train"}, "geometry": {"type": "Polygon", "coordinates": [[[40.341386694416066, 53.625974326833294], [41.7903519726391, 53.67365966308021], [41.85424240713865, 52.812037550553406], [40.433911491137835, 52.76581421314698], [40.341386694416066, 53.625974326833294]]]}}, {"type": "Feature", "id": "AF_tr_000208", "properties": {"id": "AF_tr_000208", "chip_id": "AF_tr_000208", "kind": "af", "task": "af", "split": "train", "utm_zone": 37, "gsd_m": 375.0, "width": 256, "height": 256, "crs": "WGS 84 / UTM zone 37N", "source": "Мониторинг DATA · train"}, "geometry": {"type": "Polygon", "coordinates": [[[37.52635870253507, 45.07195491509202], [38.74588305338949, 45.08118054308293], [38.74962881194533, 44.21695060400904], [37.54807151969758, 44.20799730740711], [37.52635870253507, 45.07195491509202]]]}}, {"type": "Feature", "id": "AF_tr_000209", "properties": {"id": "AF_tr_000209", "chip_id": "AF_tr_000209", "kind": "af", "task": "af", "split": "train", "utm_zone": 37, "gsd_m": 375.0, "width": 256, "height": 256, "crs": "WGS 84 / UTM zone 37N", "source": "Мониторинг DATA · train"}, "geometry": {"type": "Polygon", "coordinates": [[[37.50364251782545, 45.93577269528009], [38.74196412431145, 45.945278916466506], [38.74588305338949, 45.08118054308293], [37.52635870253507, 45.07195491509202], [37.50364251782545, 45.93577269528009]]]}}, {"type": "Feature", "id": "AF_tr_000210", "properties": {"id": "AF_tr_000210", "chip_id": "AF_tr_000210", "kind": "af", "task": "af", "split": "train", "utm_zone": 37, "gsd_m": 375.0, "width": 256, "height": 256, "crs": "WGS 84 / UTM zone 37N", "source": "Мониторинг DATA · train"}, "geometry": {"type": "Polygon", "coordinates": [[[37.47986538598567, 46.799450208872635], [38.737862079383504, 46.809245805748745], [38.74196412431145, 45.945278916466506], [37.50364251782545, 45.93577269528009], [37.47986538598567, 46.799450208872635]]]}}, {"type": "Feature", "id": "AF_tr_000211", "properties": {"id": "AF_tr_000211", "chip_id": "AF_tr_000211", "kind": "af", "task": "af", "split": "train", "utm_zone": 37, "gsd_m": 375.0, "width": 256, "height": 256, "crs": "WGS 84 / UTM zone 37N", "source": "Мониторинг DATA · train"}, "geometry": {"type": "Polygon", "coordinates": [[[37.45496496820575, 47.66298709307604], [38.73356615049983, 47.67308141048665], [38.737862079383504, 46.809245805748745], [37.47986538598567, 46.799450208872635], [37.45496496820575, 47.66298709307604]]]}}, {"type": "Feature", "id": "AF_tr_000212", "properties": {"id": "AF_tr_000212", "chip_id": "AF_tr_000212", "kind": "af", "task": "af", "split": "train", "utm_zone": 37, "gsd_m": 375.0, "width": 256, "height": 256, "crs": "WGS 84 / UTM zone 37N", "source": "Мониторинг DATA · train"}, "geometry": {"type": "Polygon", "coordinates": [[[37.428873674978014, 48.52638305660792], [38.72906466171082, 48.53678604774846], [38.73356615049983, 47.67308141048665], [37.45496496820575, 47.66298709307604], [37.428873674978014, 48.52638305660792]]]}}, {"type": "Feature", "id": "AF_tr_000213", "properties": {"id": "AF_tr_000213", "chip_id": "AF_tr_000213", "kind": "af", "task": "af", "split": "train", "utm_zone": 37, "gsd_m": 375.0, "width": 256, "height": 256, "crs": "WGS 84 / UTM zone 37N", "source": "Мониторинг DATA · train"}, "geometry": {"type": "Polygon", "coordinates": [[[37.40151811207814, 49.389637874228825], [38.72434493331615, 49.40036015153286], [38.72906466171082, 48.53678604774846], [37.428873674978014, 48.52638305660792], [37.40151811207814, 49.389637874228825]]]}}, {"type": "Feature", "id": "AF_tr_000214", "properties": {"id": "AF_tr_000214", "chip_id": "AF_tr_000214", "kind": "af", "task": "af", "split": "train", "utm_zone": 37, "gsd_m": 375.0, "width": 256, "height": 256, "crs": "WGS 84 / UTM zone 37N", "source": "Мониторинг DATA · train"}, "geometry": {"type": "Polygon", "coordinates": [[[37.27774462005015, 52.84124311849035], [38.70298840597799, 52.85336396126462], [38.70873207777713, 51.99030534022883], [37.311031050337974, 51.97855405294561], [37.27774462005015, 52.84124311849035]]]}}, {"type": "Feature", "id": "AF_tr_000215", "properties": {"id": "AF_tr_000215", "chip_id": "AF_tr_000215", "kind": "af", "task": "af", "split": "train", "utm_zone": 37, "gsd_m": 375.0, "width": 256, "height": 256, "crs": "WGS 84 / UTM zone 37N", "source": "Мониторинг DATA · train"}, "geometry": {"type": "Polygon", "coordinates": [[[37.40151811207814, 49.389637874228825], [38.72434493331615, 49.40036015153286], [38.72906466171082, 48.53678604774846], [37.428873674978014, 48.52638305660792], [37.40151811207814, 49.389637874228825]]]}}, {"type": "Feature", "id": "AF_tr_000216", "properties": {"id": "AF_tr_000216", "chip_id": "AF_tr_000216", "kind": "af", "task": "af", "split": "train", "utm_zone": 37, "gsd_m": 375.0, "width": 256, "height": 256, "crs": "WGS 84 / UTM zone 37N", "source": "Мониторинг DATA · train"}, "geometry": {"type": "Polygon", "coordinates": [[[40.0662147220547, 50.25925241720276], [41.41209882466145, 50.239105376228665], [41.369581744207984, 49.37639984805247], [40.04740358058268, 49.39594446950651], [40.0662147220547, 50.25925241720276]]]}}, {"type": "Feature", "id": "AF_tr_000217", "properties": {"id": "AF_tr_000217", "chip_id": "AF_tr_000217", "kind": "af", "task": "af", "split": "train", "utm_zone": 37, "gsd_m": 375.0, "width": 256, "height": 256, "crs": "WGS 84 / UTM zone 37N", "source": "Мониторинг DATA · train"}, "geometry": {"type": "Polygon", "coordinates": [[[41.45673438841302, 51.101654561186145], [42.82524798393685, 51.06484942752325], [42.755866416963, 50.203405410363104], [41.41209882466145, 50.239105376228665], [41.45673438841302, 51.101654561186145]]]}}, {"type": "Feature", "id": "AF_tr_000218", "properties": {"id": "AF_tr_000218", "chip_id": "AF_tr_000218", "kind": "af", "task": "af", "split": "train", "utm_zone": 38, "gsd_m": 375.0, "width": 256, "height": 256, "crs": "WGS 84 / UTM zone 38N", "source": "Мониторинг DATA · train"}, "geometry": {"type": "Polygon", "coordinates": [[[40.68513316838952, 50.18395679157657], [42.027673469449226, 50.226116949269624], [42.080034194236326, 49.36379953296444], [40.760997109806226, 49.32289779282821], [40.68513316838952, 50.18395679157657]]]}}, {"type": "Feature", "id": "AF_tr_000219", "properties": {"id": "AF_tr_000219", "chip_id": "AF_tr_000219", "kind": "af", "task": "af", "split": "train", "utm_zone": 37, "gsd_m": 375.0, "width": 256, "height": 256, "crs": "WGS 84 / UTM zone 37N", "source": "Мониторинг DATA · train"}, "geometry": {"type": "Polygon", "coordinates": [[[37.52635870253507, 45.07195491509202], [38.74588305338949, 45.08118054308293], [38.74962881194533, 44.21695060400904], [37.54807151969758, 44.20799730740711], [37.52635870253507, 45.07195491509202]]]}}, {"type": "Feature", "id": "AF_tr_000220", "properties": {"id": "AF_tr_000220", "chip_id": "AF_tr_000220", "kind": "af", "task": "af", "split": "train", "utm_zone": 37, "gsd_m": 375.0, "width": 256, "height": 256, "crs": "WGS 84 / UTM zone 37N", "source": "Мониторинг DATA · train"}, "geometry": {"type": "Polygon", "coordinates": [[[37.47986538598567, 46.799450208872635], [38.737862079383504, 46.809245805748745], [38.74196412431145, 45.945278916466506], [37.50364251782545, 45.93577269528009], [37.47986538598567, 46.799450208872635]]]}}, {"type": "Feature", "id": "AF_tr_000221", "properties": {"id": "AF_tr_000221", "chip_id": "AF_tr_000221", "kind": "af", "task": "af", "split": "train", "utm_zone": 37, "gsd_m": 375.0, "width": 256, "height": 256, "crs": "WGS 84 / UTM zone 37N", "source": "Мониторинг DATA · train"}, "geometry": {"type": "Polygon", "coordinates": [[[37.45496496820575, 47.66298709307604], [38.73356615049983, 47.67308141048665], [38.737862079383504, 46.809245805748745], [37.47986538598567, 46.799450208872635], [37.45496496820575, 47.66298709307604]]]}}, {"type": "Feature", "id": "AF_tr_000222", "properties": {"id": "AF_tr_000222", "chip_id": "AF_tr_000222", "kind": "af", "task": "af", "split": "train", "utm_zone": 37, "gsd_m": 375.0, "width": 256, "height": 256, "crs": "WGS 84 / UTM zone 37N", "source": "Мониторинг DATA · train"}, "geometry": {"type": "Polygon", "coordinates": [[[37.428873674978014, 48.52638305660792], [38.72906466171082, 48.53678604774846], [38.73356615049983, 47.67308141048665], [37.45496496820575, 47.66298709307604], [37.428873674978014, 48.52638305660792]]]}}, {"type": "Feature", "id": "AF_tr_000223", "properties": {"id": "AF_tr_000223", "chip_id": "AF_tr_000223", "kind": "af", "task": "af", "split": "train", "utm_zone": 37, "gsd_m": 375.0, "width": 256, "height": 256, "crs": "WGS 84 / UTM zone 37N", "source": "Мониторинг DATA · train"}, "geometry": {"type": "Polygon", "coordinates": [[[37.40151811207814, 49.389637874228825], [38.72434493331615, 49.40036015153286], [38.72906466171082, 48.53678604774846], [37.428873674978014, 48.52638305660792], [37.40151811207814, 49.389637874228825]]]}}, {"type": "Feature", "id": "AF_tr_000224", "properties": {"id": "AF_tr_000224", "chip_id": "AF_tr_000224", "kind": "af", "task": "af", "split": "train", "utm_zone": 37, "gsd_m": 375.0, "width": 256, "height": 256, "crs": "WGS 84 / UTM zone 37N", "source": "Мониторинг DATA · train"}, "geometry": {"type": "Polygon", "coordinates": [[[38.72906466171082, 48.53678604774846], [40.029473703042434, 48.53250187122371], [40.012372725710755, 47.668924367087534], [38.73356615049983, 47.67308141048665], [38.72906466171082, 48.53678604774846]]]}}, {"type": "Feature", "id": "AF_tr_000225", "properties": {"id": "AF_tr_000225", "chip_id": "AF_tr_000225", "kind": "af", "task": "af", "split": "train", "utm_zone": 37, "gsd_m": 375.0, "width": 256, "height": 256, "crs": "WGS 84 / UTM zone 37N", "source": "Мониторинг DATA · train"}, "geometry": {"type": "Polygon", "coordinates": [[[41.184620547490965, 45.06056397730613], [42.40217583254263, 45.030758950981784], [42.35214132850457, 44.16801638963856], [41.15244870054454, 44.19694250367341], [41.184620547490965, 45.06056397730613]]]}}, {"type": "Feature", "id": "AF_tr_000226", "properties": {"id": "AF_tr_000226", "chip_id": "AF_tr_000226", "kind": "af", "task": "af", "split": "train", "utm_zone": 38, "gsd_m": 375.0, "width": 256, "height": 256, "crs": "WGS 84 / UTM zone 38N", "source": "Мониторинг DATA · train"}, "geometry": {"type": "Polygon", "coordinates": [[[42.222991102593575, 46.77584351989473], [43.47986538598567, 46.799450208872635], [43.50364251782545, 45.93577269528009], [42.26638106455281, 45.912862969755935], [42.222991102593575, 46.77584351989473]]]}}, {"type": "Feature", "id": "AF_tr_000227", "properties": {"id": "AF_tr_000227", "chip_id": "AF_tr_000227", "kind": "af", "task": "af", "split": "train", "utm_zone": 37, "gsd_m": 375.0, "width": 256, "height": 256, "crs": "WGS 84 / UTM zone 37N", "source": "Мониторинг DATA · train"}, "geometry": {"type": "Polygon", "coordinates": [[[37.52635870253507, 45.07195491509202], [38.74588305338949, 45.08118054308293], [38.74962881194533, 44.21695060400904], [37.54807151969758, 44.20799730740711], [37.52635870253507, 45.07195491509202]]]}}, {"type": "Feature", "id": "AF_tr_000228", "properties": {"id": "AF_tr_000228", "chip_id": "AF_tr_000228", "kind": "af", "task": "af", "split": "train", "utm_zone": 37, "gsd_m": 375.0, "width": 256, "height": 256, "crs": "WGS 84 / UTM zone 37N", "source": "Мониторинг DATA · train"}, "geometry": {"type": "Polygon", "coordinates": [[[37.47986538598567, 46.799450208872635], [38.737862079383504, 46.809245805748745], [38.74196412431145, 45.945278916466506], [37.50364251782545, 45.93577269528009], [37.47986538598567, 46.799450208872635]]]}}, {"type": "Feature", "id": "AF_tr_000229", "properties": {"id": "AF_tr_000229", "chip_id": "AF_tr_000229", "kind": "af", "task": "af", "split": "train", "utm_zone": 37, "gsd_m": 375.0, "width": 256, "height": 256, "crs": "WGS 84 / UTM zone 37N", "source": "Мониторинг DATA · train"}, "geometry": {"type": "Polygon", "coordinates": [[[37.428873674978014, 48.52638305660792], [38.72906466171082, 48.53678604774846], [38.73356615049983, 47.67308141048665], [37.45496496820575, 47.66298709307604], [37.428873674978014, 48.52638305660792]]]}}, {"type": "Feature", "id": "AF_tr_000230", "properties": {"id": "AF_tr_000230", "chip_id": "AF_tr_000230", "kind": "af", "task": "af", "split": "train", "utm_zone": 37, "gsd_m": 375.0, "width": 256, "height": 256, "crs": "WGS 84 / UTM zone 37N", "source": "Мониторинг DATA · train"}, "geometry": {"type": "Polygon", "coordinates": [[[37.40151811207814, 49.389637874228825], [38.72434493331615, 49.40036015153286], [38.72906466171082, 48.53678604774846], [37.428873674978014, 48.52638305660792], [37.40151811207814, 49.389637874228825]]]}}, {"type": "Feature", "id": "AF_tr_000231", "properties": {"id": "AF_tr_000231", "chip_id": "AF_tr_000231", "kind": "af", "task": "af", "split": "train", "utm_zone": 38, "gsd_m": 375.0, "width": 256, "height": 256, "crs": "WGS 84 / UTM zone 38N", "source": "Мониторинг DATA · train"}, "geometry": {"type": "Polygon", "coordinates": [[[42.027673469449226, 50.226116949269624], [43.372818454529856, 50.25275138051406], [43.40151811207814, 49.389637874228825], [42.080034194236326, 49.36379953296444], [42.027673469449226, 50.226116949269624]]]}}, {"type": "Feature", "id": "AF_tr_000232", "properties": {"id": "AF_tr_000232", "chip_id": "AF_tr_000232", "kind": "af", "task": "af", "split": "train", "utm_zone": 38, "gsd_m": 375.0, "width": 256, "height": 256, "crs": "WGS 84 / UTM zone 38N", "source": "Мониторинг DATA · train"}, "geometry": {"type": "Polygon", "coordinates": [[[43.47986538598567, 46.799450208872635], [44.737862079383504, 46.809245805748745], [44.74196412431145, 45.945278916466506], [43.50364251782545, 45.93577269528009], [43.47986538598567, 46.799450208872635]]]}}, {"type": "Feature", "id": "AF_tr_000233", "properties": {"id": "AF_tr_000233", "chip_id": "AF_tr_000233", "kind": "af", "task": "af", "split": "train", "utm_zone": 38, "gsd_m": 375.0, "width": 256, "height": 256, "crs": "WGS 84 / UTM zone 38N", "source": "Мониторинг DATA · train"}, "geometry": {"type": "Polygon", "coordinates": [[[44.719393173472845, 50.26380427206238], [46.0662147220547, 50.25925241720276], [46.04740358058268, 49.39594446950651], [44.72434493331615, 49.40036015153286], [44.719393173472845, 50.26380427206238]]]}}, {"type": "Feature", "id": "AF_tr_000234", "properties": {"id": "AF_tr_000234", "chip_id": "AF_tr_000234", "kind": "af", "task": "af", "split": "train", "utm_zone": 37, "gsd_m": 375.0, "width": 256, "height": 256, "crs": "WGS 84 / UTM zone 37N", "source": "Мониторинг DATA · train"}, "geometry": {"type": "Polygon", "coordinates": [[[37.45496496820575, 47.66298709307604], [38.73356615049983, 47.67308141048665], [38.737862079383504, 46.809245805748745], [37.47986538598567, 46.799450208872635], [37.45496496820575, 47.66298709307604]]]}}, {"type": "Feature", "id": "AF_tr_000235", "properties": {"id": "AF_tr_000235", "chip_id": "AF_tr_000235", "kind": "af", "task": "af", "split": "train", "utm_zone": 37, "gsd_m": 375.0, "width": 256, "height": 256, "crs": "WGS 84 / UTM zone 37N", "source": "Мониторинг DATA · train"}, "geometry": {"type": "Polygon", "coordinates": [[[37.428873674978014, 48.52638305660792], [38.72906466171082, 48.53678604774846], [38.73356615049983, 47.67308141048665], [37.45496496820575, 47.66298709307604], [37.428873674978014, 48.52638305660792]]]}}, {"type": "Feature", "id": "AF_tr_000236", "properties": {"id": "AF_tr_000236", "chip_id": "AF_tr_000236", "kind": "af", "task": "af", "split": "train", "utm_zone": 37, "gsd_m": 375.0, "width": 256, "height": 256, "crs": "WGS 84 / UTM zone 37N", "source": "Мониторинг DATA · train"}, "geometry": {"type": "Polygon", "coordinates": [[[37.3426877374103, 51.115723462765644], [38.71419435538326, 51.12711907494891], [38.719393173472845, 50.26380427206238], [37.372818454529856, 50.25275138051406], [37.3426877374103, 51.115723462765644]]]}}, {"type": "Feature", "id": "AF_tr_000237", "properties": {"id": "AF_tr_000237", "chip_id": "AF_tr_000237", "kind": "af", "task": "af", "split": "train", "utm_zone": 37, "gsd_m": 375.0, "width": 256, "height": 256, "crs": "WGS 84 / UTM zone 37N", "source": "Мониторинг DATA · train"}, "geometry": {"type": "Polygon", "coordinates": [[[37.311031050337974, 51.97855405294561], [38.70873207777713, 51.99030534022883], [38.71419435538326, 51.12711907494891], [37.3426877374103, 51.115723462765644], [37.311031050337974, 51.97855405294561]]]}}, {"type": "Feature", "id": "AF_tr_000238", "properties": {"id": "AF_tr_000238", "chip_id": "AF_tr_000238", "kind": "af", "task": "af", "split": "train", "utm_zone": 38, "gsd_m": 375.0, "width": 256, "height": 256, "crs": "WGS 84 / UTM zone 38N", "source": "Мониторинг DATA · train"}, "geometry": {"type": "Polygon", "coordinates": [[[42.17755369296443, 47.63866097384442], [43.45496496820575, 47.66298709307604], [43.47986538598567, 46.799450208872635], [42.222991102593575, 46.77584351989473], [42.17755369296443, 47.63866097384442]]]}}, {"type": "Feature", "id": "AF_tr_000239", "properties": {"id": "AF_tr_000239", "chip_id": "AF_tr_000239", "kind": "af", "task": "af", "split": "train", "utm_zone": 38, "gsd_m": 375.0, "width": 256, "height": 256, "crs": "WGS 84 / UTM zone 38N", "source": "Мониторинг DATA · train"}, "geometry": {"type": "Polygon", "coordinates": [[[46.04740358058268, 49.39594446950651], [47.369581744207984, 49.37639984805247], [47.32905454692745, 48.51353904721816], [46.029473703042434, 48.53250187122371], [46.04740358058268, 49.39594446950651]]]}}, {"type": "Feature", "id": "AF_tr_000240", "properties": {"id": "AF_tr_000240", "chip_id": "AF_tr_000240", "kind": "af", "task": "af", "split": "train", "utm_zone": 37, "gsd_m": 375.0, "width": 256, "height": 256, "crs": "WGS 84 / UTM zone 37N", "source": "Мониторинг DATA · train"}, "geometry": {"type": "Polygon", "coordinates": [[[37.45496496820575, 47.66298709307604], [38.73356615049983, 47.67308141048665], [38.737862079383504, 46.809245805748745], [37.47986538598567, 46.799450208872635], [37.45496496820575, 47.66298709307604]]]}}, {"type": "Feature", "id": "AF_tr_000241", "properties": {"id": "AF_tr_000241", "chip_id": "AF_tr_000241", "kind": "af", "task": "af", "split": "train", "utm_zone": 37, "gsd_m": 375.0, "width": 256, "height": 256, "crs": "WGS 84 / UTM zone 37N", "source": "Мониторинг DATA · train"}, "geometry": {"type": "Polygon", "coordinates": [[[37.27774462005015, 52.84124311849035], [38.70298840597799, 52.85336396126462], [38.70873207777713, 51.99030534022883], [37.311031050337974, 51.97855405294561], [37.27774462005015, 52.84124311849035]]]}}, {"type": "Feature", "id": "AF_tr_000242", "properties": {"id": "AF_tr_000242", "chip_id": "AF_tr_000242", "kind": "af", "task": "af", "split": "train", "utm_zone": 37, "gsd_m": 375.0, "width": 256, "height": 256, "crs": "WGS 84 / UTM zone 37N", "source": "Мониторинг DATA · train"}, "geometry": {"type": "Polygon", "coordinates": [[[40.151494875203916, 53.711145856053065], [41.6048222798915, 53.68835261844834], [41.55293538309465, 52.826279394963805], [40.128532916002136, 52.84837222877786], [40.151494875203916, 53.711145856053065]]]}}, {"type": "Feature", "id": "AF_tr_000243", "properties": {"id": "AF_tr_000243", "chip_id": "AF_tr_000243", "kind": "af", "task": "af", "split": "train", "utm_zone": 37, "gsd_m": 375.0, "width": 256, "height": 256, "crs": "WGS 84 / UTM zone 37N", "source": "Мониторинг DATA · train"}, "geometry": {"type": "Polygon", "coordinates": [[[37.45496496820575, 47.66298709307604], [38.73356615049983, 47.67308141048665], [38.737862079383504, 46.809245805748745], [37.47986538598567, 46.799450208872635], [37.45496496820575, 47.66298709307604]]]}}, {"type": "Feature", "id": "AF_tr_000244", "properties": {"id": "AF_tr_000244", "chip_id": "AF_tr_000244", "kind": "af", "task": "af", "split": "train", "utm_zone": 37, "gsd_m": 375.0, "width": 256, "height": 256, "crs": "WGS 84 / UTM zone 37N", "source": "Мониторинг DATA · train"}, "geometry": {"type": "Polygon", "coordinates": [[[37.428873674978014, 48.52638305660792], [38.72906466171082, 48.53678604774846], [38.73356615049983, 47.67308141048665], [37.45496496820575, 47.66298709307604], [37.428873674978014, 48.52638305660792]]]}}, {"type": "Feature", "id": "AF_tr_000245", "properties": {"id": "AF_tr_000245", "chip_id": "AF_tr_000245", "kind": "af", "task": "af", "split": "train", "utm_zone": 37, "gsd_m": 375.0, "width": 256, "height": 256, "crs": "WGS 84 / UTM zone 37N", "source": "Мониторинг DATA · train"}, "geometry": {"type": "Polygon", "coordinates": [[[37.40151811207814, 49.389637874228825], [38.72434493331615, 49.40036015153286], [38.72906466171082, 48.53678604774846], [37.428873674978014, 48.52638305660792], [37.40151811207814, 49.389637874228825]]]}}, {"type": "Feature", "id": "AF_tr_000246", "properties": {"id": "AF_tr_000246", "chip_id": "AF_tr_000246", "kind": "af", "task": "af", "split": "train", "utm_zone": 37, "gsd_m": 375.0, "width": 256, "height": 256, "crs": "WGS 84 / UTM zone 37N", "source": "Мониторинг DATA · train"}, "geometry": {"type": "Polygon", "coordinates": [[[37.242714762523796, 53.70379065183828], [38.6969436903302, 53.71629594350895], [38.70298840597799, 52.85336396126462], [37.27774462005015, 52.84124311849035], [37.242714762523796, 53.70379065183828]]]}}, {"type": "Feature", "id": "AF_tr_000247", "properties": {"id": "AF_tr_000247", "chip_id": "AF_tr_000247", "kind": "af", "task": "af", "split": "train", "utm_zone": 37, "gsd_m": 375.0, "width": 256, "height": 256, "crs": "WGS 84 / UTM zone 37N", "source": "Мониторинг DATA · train"}, "geometry": {"type": "Polygon", "coordinates": [[[38.72434493331615, 49.40036015153286], [40.04740358058268, 49.39594446950651], [40.029473703042434, 48.53250187122371], [38.72906466171082, 48.53678604774846], [38.72434493331615, 49.40036015153286]]]}}, {"type": "Feature", "id": "AF_tr_000248", "properties": {"id": "AF_tr_000248", "chip_id": "AF_tr_000248", "kind": "af", "task": "af", "split": "train", "utm_zone": 38, "gsd_m": 375.0, "width": 256, "height": 256, "crs": "WGS 84 / UTM zone 38N", "source": "Мониторинг DATA · train"}, "geometry": {"type": "Polygon", "coordinates": [[[42.080034194236326, 49.36379953296444], [43.40151811207814, 49.389637874228825], [43.428873674978014, 48.52638305660792], [42.12994588503688, 48.50131358048791], [42.080034194236326, 49.36379953296444]]]}}, {"type": "Feature", "id": "AF_tr_000249", "properties": {"id": "AF_tr_000249", "chip_id": "AF_tr_000249", "kind": "af", "task": "af", "split": "train", "utm_zone": 38, "gsd_m": 375.0, "width": 256, "height": 256, "crs": "WGS 84 / UTM zone 38N", "source": "Мониторинг DATA · train"}, "geometry": {"type": "Polygon", "coordinates": [[[46.04740358058268, 49.39594446950651], [47.369581744207984, 49.37639984805247], [47.32905454692745, 48.51353904721816], [46.029473703042434, 48.53250187122371], [46.04740358058268, 49.39594446950651]]]}}, {"type": "Feature", "id": "AF_tr_000250", "properties": {"id": "AF_tr_000250", "chip_id": "AF_tr_000250", "kind": "af", "task": "af", "split": "train", "utm_zone": 38, "gsd_m": 375.0, "width": 256, "height": 256, "crs": "WGS 84 / UTM zone 38N", "source": "Мониторинг DATA · train"}, "geometry": {"type": "Polygon", "coordinates": [[[46.0662147220547, 50.25925241720276], [47.41209882466145, 50.239105376228665], [47.369581744207984, 49.37639984805247], [46.04740358058268, 49.39594446950651], [46.0662147220547, 50.25925241720276]]]}}, {"type": "Feature", "id": "AF_tr_000251", "properties": {"id": "AF_tr_000251", "chip_id": "AF_tr_000251", "kind": "af", "task": "af", "split": "train", "utm_zone": 37, "gsd_m": 375.0, "width": 256, "height": 256, "crs": "WGS 84 / UTM zone 37N", "source": "Мониторинг DATA · train"}, "geometry": {"type": "Polygon", "coordinates": [[[37.52635870253507, 45.07195491509202], [38.74588305338949, 45.08118054308293], [38.74962881194533, 44.21695060400904], [37.54807151969758, 44.20799730740711], [37.52635870253507, 45.07195491509202]]]}}, {"type": "Feature", "id": "AF_tr_000252", "properties": {"id": "AF_tr_000252", "chip_id": "AF_tr_000252", "kind": "af", "task": "af", "split": "train", "utm_zone": 37, "gsd_m": 375.0, "width": 256, "height": 256, "crs": "WGS 84 / UTM zone 37N", "source": "Мониторинг DATA · train"}, "geometry": {"type": "Polygon", "coordinates": [[[37.50364251782545, 45.93577269528009], [38.74196412431145, 45.945278916466506], [38.74588305338949, 45.08118054308293], [37.52635870253507, 45.07195491509202], [37.50364251782545, 45.93577269528009]]]}}, {"type": "Feature", "id": "AF_tr_000253", "properties": {"id": "AF_tr_000253", "chip_id": "AF_tr_000253", "kind": "af", "task": "af", "split": "train", "utm_zone": 37, "gsd_m": 375.0, "width": 256, "height": 256, "crs": "WGS 84 / UTM zone 37N", "source": "Мониторинг DATA · train"}, "geometry": {"type": "Polygon", "coordinates": [[[37.45496496820575, 47.66298709307604], [38.73356615049983, 47.67308141048665], [38.737862079383504, 46.809245805748745], [37.47986538598567, 46.799450208872635], [37.45496496820575, 47.66298709307604]]]}}, {"type": "Feature", "id": "AF_tr_000254", "properties": {"id": "AF_tr_000254", "chip_id": "AF_tr_000254", "kind": "af", "task": "af", "split": "train", "utm_zone": 37, "gsd_m": 375.0, "width": 256, "height": 256, "crs": "WGS 84 / UTM zone 37N", "source": "Мониторинг DATA · train"}, "geometry": {"type": "Polygon", "coordinates": [[[37.428873674978014, 48.52638305660792], [38.72906466171082, 48.53678604774846], [38.73356615049983, 47.67308141048665], [37.45496496820575, 47.66298709307604], [37.428873674978014, 48.52638305660792]]]}}, {"type": "Feature", "id": "AF_tr_000255", "properties": {"id": "AF_tr_000255", "chip_id": "AF_tr_000255", "kind": "af", "task": "af", "split": "train", "utm_zone": 37, "gsd_m": 375.0, "width": 256, "height": 256, "crs": "WGS 84 / UTM zone 37N", "source": "Мониторинг DATA · train"}, "geometry": {"type": "Polygon", "coordinates": [[[37.40151811207814, 49.389637874228825], [38.72434493331615, 49.40036015153286], [38.72906466171082, 48.53678604774846], [37.428873674978014, 48.52638305660792], [37.40151811207814, 49.389637874228825]]]}}, {"type": "Feature", "id": "AF_tr_000256", "properties": {"id": "AF_tr_000256", "chip_id": "AF_tr_000256", "kind": "af", "task": "af", "split": "train", "utm_zone": 37, "gsd_m": 375.0, "width": 256, "height": 256, "crs": "WGS 84 / UTM zone 37N", "source": "Мониторинг DATA · train"}, "geometry": {"type": "Polygon", "coordinates": [[[41.184620547490965, 45.06056397730613], [42.40217583254263, 45.030758950981784], [42.35214132850457, 44.16801638963856], [41.15244870054454, 44.19694250367341], [41.184620547490965, 45.06056397730613]]]}}, {"type": "Feature", "id": "AF_tr_000257", "properties": {"id": "AF_tr_000257", "chip_id": "AF_tr_000257", "kind": "af", "task": "af", "split": "train", "utm_zone": 37, "gsd_m": 375.0, "width": 256, "height": 256, "crs": "WGS 84 / UTM zone 37N", "source": "Мониторинг DATA · train"}, "geometry": {"type": "Polygon", "coordinates": [[[41.503628768481356, 51.96404629133559], [42.89813355031119, 51.92609439036883], [42.82524798393685, 51.06484942752325], [41.45673438841302, 51.101654561186145], [41.503628768481356, 51.96404629133559]]]}}, {"type": "Feature", "id": "AF_tr_000258", "properties": {"id": "AF_tr_000258", "chip_id": "AF_tr_000258", "kind": "af", "task": "af", "split": "train", "utm_zone": 38, "gsd_m": 375.0, "width": 256, "height": 256, "crs": "WGS 84 / UTM zone 38N", "source": "Мониторинг DATA · train"}, "geometry": {"type": "Polygon", "coordinates": [[[41.09114321495457, 45.0145189500003], [42.30783699823378, 45.0497210359343], [42.34746368163374, 44.18641940747388], [41.148586956697564, 44.152254919921], [41.09114321495457, 45.0145189500003]]]}}, {"type": "Feature", "id": "AF_tr_000259", "properties": {"id": "AF_tr_000259", "chip_id": "AF_tr_000259", "kind": "af", "task": "af", "split": "train", "utm_zone": 37, "gsd_m": 375.0, "width": 256, "height": 256, "crs": "WGS 84 / UTM zone 37N", "source": "Мониторинг DATA · train"}, "geometry": {"type": "Polygon", "coordinates": [[[37.50364251782545, 45.93577269528009], [38.74196412431145, 45.945278916466506], [38.74588305338949, 45.08118054308293], [37.52635870253507, 45.07195491509202], [37.50364251782545, 45.93577269528009]]]}}, {"type": "Feature", "id": "AF_tr_000260", "properties": {"id": "AF_tr_000260", "chip_id": "AF_tr_000260", "kind": "af", "task": "af", "split": "train", "utm_zone": 37, "gsd_m": 375.0, "width": 256, "height": 256, "crs": "WGS 84 / UTM zone 37N", "source": "Мониторинг DATA · train"}, "geometry": {"type": "Polygon", "coordinates": [[[37.47986538598567, 46.799450208872635], [38.737862079383504, 46.809245805748745], [38.74196412431145, 45.945278916466506], [37.50364251782545, 45.93577269528009], [37.47986538598567, 46.799450208872635]]]}}, {"type": "Feature", "id": "AF_tr_000261", "properties": {"id": "AF_tr_000261", "chip_id": "AF_tr_000261", "kind": "af", "task": "af", "split": "train", "utm_zone": 37, "gsd_m": 375.0, "width": 256, "height": 256, "crs": "WGS 84 / UTM zone 37N", "source": "Мониторинг DATA · train"}, "geometry": {"type": "Polygon", "coordinates": [[[37.428873674978014, 48.52638305660792], [38.72906466171082, 48.53678604774846], [38.73356615049983, 47.67308141048665], [37.45496496820575, 47.66298709307604], [37.428873674978014, 48.52638305660792]]]}}, {"type": "Feature", "id": "AF_tr_000262", "properties": {"id": "AF_tr_000262", "chip_id": "AF_tr_000262", "kind": "af", "task": "af", "split": "train", "utm_zone": 37, "gsd_m": 375.0, "width": 256, "height": 256, "crs": "WGS 84 / UTM zone 37N", "source": "Мониторинг DATA · train"}, "geometry": {"type": "Polygon", "coordinates": [[[37.40151811207814, 49.389637874228825], [38.72434493331615, 49.40036015153286], [38.72906466171082, 48.53678604774846], [37.428873674978014, 48.52638305660792], [37.40151811207814, 49.389637874228825]]]}}, {"type": "Feature", "id": "AF_tr_000263", "properties": {"id": "AF_tr_000263", "chip_id": "AF_tr_000263", "kind": "af", "task": "af", "split": "train", "utm_zone": 37, "gsd_m": 375.0, "width": 256, "height": 256, "crs": "WGS 84 / UTM zone 37N", "source": "Мониторинг DATA · train"}, "geometry": {"type": "Polygon", "coordinates": [[[37.3426877374103, 51.115723462765644], [38.71419435538326, 51.12711907494891], [38.719393173472845, 50.26380427206238], [37.372818454529856, 50.25275138051406], [37.3426877374103, 51.115723462765644]]]}}, {"type": "Feature", "id": "AF_tr_000264", "properties": {"id": "AF_tr_000264", "chip_id": "AF_tr_000264", "kind": "af", "task": "af", "split": "train", "utm_zone": 37, "gsd_m": 375.0, "width": 256, "height": 256, "crs": "WGS 84 / UTM zone 37N", "source": "Мониторинг DATA · train"}, "geometry": {"type": "Polygon", "coordinates": [[[37.47986538598567, 46.799450208872635], [38.737862079383504, 46.809245805748745], [38.74196412431145, 45.945278916466506], [37.50364251782545, 45.93577269528009], [37.47986538598567, 46.799450208872635]]]}}, {"type": "Feature", "id": "AF_tr_000265", "properties": {"id": "AF_tr_000265", "chip_id": "AF_tr_000265", "kind": "af", "task": "af", "split": "train", "utm_zone": 37, "gsd_m": 375.0, "width": 256, "height": 256, "crs": "WGS 84 / UTM zone 37N", "source": "Мониторинг DATA · train"}, "geometry": {"type": "Polygon", "coordinates": [[[37.428873674978014, 48.52638305660792], [38.72906466171082, 48.53678604774846], [38.73356615049983, 47.67308141048665], [37.45496496820575, 47.66298709307604], [37.428873674978014, 48.52638305660792]]]}}, {"type": "Feature", "id": "AF_tr_000266", "properties": {"id": "AF_tr_000266", "chip_id": "AF_tr_000266", "kind": "af", "task": "af", "split": "train", "utm_zone": 37, "gsd_m": 375.0, "width": 256, "height": 256, "crs": "WGS 84 / UTM zone 37N", "source": "Мониторинг DATA · train"}, "geometry": {"type": "Polygon", "coordinates": [[[37.40151811207814, 49.389637874228825], [38.72434493331615, 49.40036015153286], [38.72906466171082, 48.53678604774846], [37.428873674978014, 48.52638305660792], [37.40151811207814, 49.389637874228825]]]}}, {"type": "Feature", "id": "AF_tr_000267", "properties": {"id": "AF_tr_000267", "chip_id": "AF_tr_000267", "kind": "af", "task": "af", "split": "train", "utm_zone": 37, "gsd_m": 375.0, "width": 256, "height": 256, "crs": "WGS 84 / UTM zone 37N", "source": "Мониторинг DATA · train"}, "geometry": {"type": "Polygon", "coordinates": [[[37.372818454529856, 50.25275138051406], [38.719393173472845, 50.26380427206238], [38.72434493331615, 49.40036015153286], [37.40151811207814, 49.389637874228825], [37.372818454529856, 50.25275138051406]]]}}, {"type": "Feature", "id": "AF_tr_000268", "properties": {"id": "AF_tr_000268", "chip_id": "AF_tr_000268", "kind": "af", "task": "af", "split": "train", "utm_zone": 38, "gsd_m": 375.0, "width": 256, "height": 256, "crs": "WGS 84 / UTM zone 38N", "source": "Мониторинг DATA · train"}, "geometry": {"type": "Polygon", "coordinates": [[[47.41209882466145, 50.239105376228665], [48.755866416963, 50.203405410363104], [48.68977179727024, 49.34176616241205], [47.369581744207984, 49.37639984805247], [47.41209882466145, 50.239105376228665]]]}}, {"type": "Feature", "id": "AF_tr_000269", "properties": {"id": "AF_tr_000269", "chip_id": "AF_tr_000269", "kind": "af", "task": "af", "split": "train", "utm_zone": 38, "gsd_m": 375.0, "width": 256, "height": 256, "crs": "WGS 84 / UTM zone 38N", "source": "Мониторинг DATA · train"}, "geometry": {"type": "Polygon", "coordinates": [[[47.6048222798915, 53.68835261844834], [49.05538806145587, 53.64797027044222], [48.97476032903755, 52.78713616784348], [47.55293538309465, 52.826279394963805], [47.6048222798915, 53.68835261844834]]]}}, {"type": "Feature", "id": "AF_tr_000270", "properties": {"id": "AF_tr_000270", "chip_id": "AF_tr_000270", "kind": "af", "task": "af", "split": "train", "utm_zone": 37, "gsd_m": 375.0, "width": 256, "height": 256, "crs": "WGS 84 / UTM zone 37N", "source": "Мониторинг DATA · train"}, "geometry": {"type": "Polygon", "coordinates": [[[37.311031050337974, 51.97855405294561], [38.70873207777713, 51.99030534022883], [38.71419435538326, 51.12711907494891], [37.3426877374103, 51.115723462765644], [37.311031050337974, 51.97855405294561]]]}}, {"type": "Feature", "id": "AF_tr_000271", "properties": {"id": "AF_tr_000271", "chip_id": "AF_tr_000271", "kind": "af", "task": "af", "split": "train", "utm_zone": 37, "gsd_m": 375.0, "width": 256, "height": 256, "crs": "WGS 84 / UTM zone 37N", "source": "Мониторинг DATA · train"}, "geometry": {"type": "Polygon", "coordinates": [[[37.27774462005015, 52.84124311849035], [38.70298840597799, 52.85336396126462], [38.70873207777713, 51.99030534022883], [37.311031050337974, 51.97855405294561], [37.27774462005015, 52.84124311849035]]]}}, {"type": "Feature", "id": "AF_tr_000272", "properties": {"id": "AF_tr_000272", "chip_id": "AF_tr_000272", "kind": "af", "task": "af", "split": "train", "utm_zone": 37, "gsd_m": 375.0, "width": 256, "height": 256, "crs": "WGS 84 / UTM zone 37N", "source": "Мониторинг DATA · train"}, "geometry": {"type": "Polygon", "coordinates": [[[38.72906466171082, 48.53678604774846], [40.029473703042434, 48.53250187122371], [40.012372725710755, 47.668924367087534], [38.73356615049983, 47.67308141048665], [38.72906466171082, 48.53678604774846]]]}}, {"type": "Feature", "id": "AF_tr_000273", "properties": {"id": "AF_tr_000273", "chip_id": "AF_tr_000273", "kind": "af", "task": "af", "split": "train", "utm_zone": 37, "gsd_m": 375.0, "width": 256, "height": 256, "crs": "WGS 84 / UTM zone 37N", "source": "Мониторинг DATA · train"}, "geometry": {"type": "Polygon", "coordinates": [[[38.70298840597799, 52.85336396126462], [40.128532916002136, 52.84837222877786], [40.10671421422226, 51.98546582575733], [38.70873207777713, 51.99030534022883], [38.70298840597799, 52.85336396126462]]]}}, {"type": "Feature", "id": "AF_tr_000274", "properties": {"id": "AF_tr_000274", "chip_id": "AF_tr_000274", "kind": "af", "task": "af", "split": "train", "utm_zone": 37, "gsd_m": 375.0, "width": 256, "height": 256, "crs": "WGS 84 / UTM zone 37N", "source": "Мониторинг DATA · train"}, "geometry": {"type": "Polygon", "coordinates": [[[41.503628768481356, 51.96404629133559], [42.89813355031119, 51.92609439036883], [42.82524798393685, 51.06484942752325], [41.45673438841302, 51.101654561186145], [41.503628768481356, 51.96404629133559]]]}}, {"type": "Feature", "id": "AF_tr_000275", "properties": {"id": "AF_tr_000275", "chip_id": "AF_tr_000275", "kind": "af", "task": "af", "split": "train", "utm_zone": 38, "gsd_m": 375.0, "width": 256, "height": 256, "crs": "WGS 84 / UTM zone 38N", "source": "Мониторинг DATA · train"}, "geometry": {"type": "Polygon", "coordinates": [[[41.91495811232081, 51.95023813464002], [43.311031050337974, 51.97855405294561], [43.3426877374103, 51.115723462765644], [41.97270561053398, 51.08826385025585], [41.91495811232081, 51.95023813464002]]]}}, {"type": "Feature", "id": "AF_tr_000276", "properties": {"id": "AF_tr_000276", "chip_id": "AF_tr_000276", "kind": "af", "task": "af", "split": "train", "utm_zone": 38, "gsd_m": 375.0, "width": 256, "height": 256, "crs": "WGS 84 / UTM zone 38N", "source": "Мониторинг DATA · train"}, "geometry": {"type": "Polygon", "coordinates": [[[41.85424240713865, 52.812037550553406], [43.27774462005015, 52.84124311849035], [43.311031050337974, 51.97855405294561], [41.91495811232081, 51.95023813464002], [41.85424240713865, 52.812037550553406]]]}}, {"type": "Feature", "id": "AF_tr_000277", "properties": {"id": "AF_tr_000277", "chip_id": "AF_tr_000277", "kind": "af", "task": "af", "split": "train", "utm_zone": 37, "gsd_m": 375.0, "width": 256, "height": 256, "crs": "WGS 84 / UTM zone 37N", "source": "Мониторинг DATA · train"}, "geometry": {"type": "Polygon", "coordinates": [[[37.47986538598567, 46.799450208872635], [38.737862079383504, 46.809245805748745], [38.74196412431145, 45.945278916466506], [37.50364251782545, 45.93577269528009], [37.47986538598567, 46.799450208872635]]]}}, {"type": "Feature", "id": "AF_tr_000278", "properties": {"id": "AF_tr_000278", "chip_id": "AF_tr_000278", "kind": "af", "task": "af", "split": "train", "utm_zone": 37, "gsd_m": 375.0, "width": 256, "height": 256, "crs": "WGS 84 / UTM zone 37N", "source": "Мониторинг DATA · train"}, "geometry": {"type": "Polygon", "coordinates": [[[37.45496496820575, 47.66298709307604], [38.73356615049983, 47.67308141048665], [38.737862079383504, 46.809245805748745], [37.47986538598567, 46.799450208872635], [37.45496496820575, 47.66298709307604]]]}}, {"type": "Feature", "id": "AF_tr_000279", "properties": {"id": "AF_tr_000279", "chip_id": "AF_tr_000279", "kind": "af", "task": "af", "split": "train", "utm_zone": 37, "gsd_m": 375.0, "width": 256, "height": 256, "crs": "WGS 84 / UTM zone 37N", "source": "Мониторинг DATA · train"}, "geometry": {"type": "Polygon", "coordinates": [[[37.428873674978014, 48.52638305660792], [38.72906466171082, 48.53678604774846], [38.73356615049983, 47.67308141048665], [37.45496496820575, 47.66298709307604], [37.428873674978014, 48.52638305660792]]]}}, {"type": "Feature", "id": "AF_tr_000280", "properties": {"id": "AF_tr_000280", "chip_id": "AF_tr_000280", "kind": "af", "task": "af", "split": "train", "utm_zone": 37, "gsd_m": 375.0, "width": 256, "height": 256, "crs": "WGS 84 / UTM zone 37N", "source": "Мониторинг DATA · train"}, "geometry": {"type": "Polygon", "coordinates": [[[37.40151811207814, 49.389637874228825], [38.72434493331615, 49.40036015153286], [38.72906466171082, 48.53678604774846], [37.428873674978014, 48.52638305660792], [37.40151811207814, 49.389637874228825]]]}}, {"type": "Feature", "id": "AF_tr_000281", "properties": {"id": "AF_tr_000281", "chip_id": "AF_tr_000281", "kind": "af", "task": "af", "split": "train", "utm_zone": 37, "gsd_m": 375.0, "width": 256, "height": 256, "crs": "WGS 84 / UTM zone 37N", "source": "Мониторинг DATA · train"}, "geometry": {"type": "Polygon", "coordinates": [[[38.72906466171082, 48.53678604774846], [40.029473703042434, 48.53250187122371], [40.012372725710755, 47.668924367087534], [38.73356615049983, 47.67308141048665], [38.72906466171082, 48.53678604774846]]]}}, {"type": "Feature", "id": "AF_tr_000282", "properties": {"id": "AF_tr_000282", "chip_id": "AF_tr_000282", "kind": "af", "task": "af", "split": "train", "utm_zone": 37, "gsd_m": 375.0, "width": 256, "height": 256, "crs": "WGS 84 / UTM zone 37N", "source": "Мониторинг DATA · train"}, "geometry": {"type": "Polygon", "coordinates": [[[38.70298840597799, 52.85336396126462], [40.128532916002136, 52.84837222877786], [40.10671421422226, 51.98546582575733], [38.70873207777713, 51.99030534022883], [38.70298840597799, 52.85336396126462]]]}}, {"type": "Feature", "id": "AF_tr_000283", "properties": {"id": "AF_tr_000283", "chip_id": "AF_tr_000283", "kind": "af", "task": "af", "split": "train", "utm_zone": 37, "gsd_m": 375.0, "width": 256, "height": 256, "crs": "WGS 84 / UTM zone 37N", "source": "Мониторинг DATA · train"}, "geometry": {"type": "Polygon", "coordinates": [[[39.965580450441, 45.07738127887619], [41.184620547490965, 45.06056397730613], [41.15244870054454, 44.19694250367341], [39.95134996342069, 44.21326350042508], [39.965580450441, 45.07738127887619]]]}}, {"type": "Feature", "id": "AF_tr_000284", "properties": {"id": "AF_tr_000284", "chip_id": "AF_tr_000284", "kind": "af", "task": "af", "split": "train", "utm_zone": 38, "gsd_m": 375.0, "width": 256, "height": 256, "crs": "WGS 84 / UTM zone 38N", "source": "Мониторинг DATA · train"}, "geometry": {"type": "Polygon", "coordinates": [[[42.26638106455281, 45.912862969755935], [43.50364251782545, 45.93577269528009], [43.52635870253507, 45.07195491509202], [42.30783699823378, 45.0497210359343], [42.26638106455281, 45.912862969755935]]]}}, {"type": "Feature", "id": "AF_tr_000285", "properties": {"id": "AF_tr_000285", "chip_id": "AF_tr_000285", "kind": "af", "task": "af", "split": "train", "utm_zone": 37, "gsd_m": 375.0, "width": 256, "height": 256, "crs": "WGS 84 / UTM zone 37N", "source": "Мониторинг DATA · train"}, "geometry": {"type": "Polygon", "coordinates": [[[37.50364251782545, 45.93577269528009], [38.74196412431145, 45.945278916466506], [38.74588305338949, 45.08118054308293], [37.52635870253507, 45.07195491509202], [37.50364251782545, 45.93577269528009]]]}}, {"type": "Feature", "id": "AF_tr_000286", "properties": {"id": "AF_tr_000286", "chip_id": "AF_tr_000286", "kind": "af", "task": "af", "split": "train", "utm_zone": 38, "gsd_m": 375.0, "width": 256, "height": 256, "crs": "WGS 84 / UTM zone 38N", "source": "Мониторинг DATA · train"}, "geometry": {"type": "Polygon", "coordinates": [[[42.17755369296443, 47.63866097384442], [43.45496496820575, 47.66298709307604], [43.47986538598567, 46.799450208872635], [42.222991102593575, 46.77584351989473], [42.17755369296443, 47.63866097384442]]]}}, {"type": "Feature", "id": "AF_tr_000287", "properties": {"id": "AF_tr_000287", "chip_id": "AF_tr_000287", "kind": "af", "task": "af", "split": "train", "utm_zone": 38, "gsd_m": 375.0, "width": 256, "height": 256, "crs": "WGS 84 / UTM zone 38N", "source": "Мониторинг DATA · train"}, "geometry": {"type": "Polygon", "coordinates": [[[43.47986538598567, 46.799450208872635], [44.737862079383504, 46.809245805748745], [44.74196412431145, 45.945278916466506], [43.50364251782545, 45.93577269528009], [43.47986538598567, 46.799450208872635]]]}}, {"type": "Feature", "id": "AF_tr_000288", "properties": {"id": "AF_tr_000288", "chip_id": "AF_tr_000288", "kind": "af", "task": "af", "split": "train", "utm_zone": 37, "gsd_m": 375.0, "width": 256, "height": 256, "crs": "WGS 84 / UTM zone 37N", "source": "Мониторинг DATA · train"}, "geometry": {"type": "Polygon", "coordinates": [[[37.52635870253507, 45.07195491509202], [38.74588305338949, 45.08118054308293], [38.74962881194533, 44.21695060400904], [37.54807151969758, 44.20799730740711], [37.52635870253507, 45.07195491509202]]]}}, {"type": "Feature", "id": "AF_tr_000289", "properties": {"id": "AF_tr_000289", "chip_id": "AF_tr_000289", "kind": "af", "task": "af", "split": "train", "utm_zone": 37, "gsd_m": 375.0, "width": 256, "height": 256, "crs": "WGS 84 / UTM zone 37N", "source": "Мониторинг DATA · train"}, "geometry": {"type": "Polygon", "coordinates": [[[37.50364251782545, 45.93577269528009], [38.74196412431145, 45.945278916466506], [38.74588305338949, 45.08118054308293], [37.52635870253507, 45.07195491509202], [37.50364251782545, 45.93577269528009]]]}}, {"type": "Feature", "id": "AF_tr_000290", "properties": {"id": "AF_tr_000290", "chip_id": "AF_tr_000290", "kind": "af", "task": "af", "split": "train", "utm_zone": 38, "gsd_m": 375.0, "width": 256, "height": 256, "crs": "WGS 84 / UTM zone 38N", "source": "Мониторинг DATA · train"}, "geometry": {"type": "Polygon", "coordinates": [[[43.428873674978014, 48.52638305660792], [44.72906466171082, 48.53678604774846], [44.73356615049983, 47.67308141048665], [43.45496496820575, 47.66298709307604], [43.428873674978014, 48.52638305660792]]]}}, {"type": "Feature", "id": "AF_tr_000291", "properties": {"id": "AF_tr_000291", "chip_id": "AF_tr_000291", "kind": "af", "task": "af", "split": "train", "utm_zone": 38, "gsd_m": 375.0, "width": 256, "height": 256, "crs": "WGS 84 / UTM zone 38N", "source": "Мониторинг DATA · train"}, "geometry": {"type": "Polygon", "coordinates": [[[46.029473703042434, 48.53250187122371], [47.32905454692745, 48.51353904721816], [47.290399177935114, 47.650524020028996], [46.012372725710755, 47.668924367087534], [46.029473703042434, 48.53250187122371]]]}}, {"type": "Feature", "id": "AF_tr_000292", "properties": {"id": "AF_tr_000292", "chip_id": "AF_tr_000292", "kind": "af", "task": "af", "split": "train", "utm_zone": 37, "gsd_m": 375.0, "width": 256, "height": 256, "crs": "WGS 84 / UTM zone 37N", "source": "Мониторинг DATA · train"}, "geometry": {"type": "Polygon", "coordinates": [[[37.52635870253507, 45.07195491509202], [38.74588305338949, 45.08118054308293], [38.74962881194533, 44.21695060400904], [37.54807151969758, 44.20799730740711], [37.52635870253507, 45.07195491509202]]]}}, {"type": "Feature", "id": "AF_tr_000293", "properties": {"id": "AF_tr_000293", "chip_id": "AF_tr_000293", "kind": "af", "task": "af", "split": "train", "utm_zone": 37, "gsd_m": 375.0, "width": 256, "height": 256, "crs": "WGS 84 / UTM zone 37N", "source": "Мониторинг DATA · train"}, "geometry": {"type": "Polygon", "coordinates": [[[37.242714762523796, 53.70379065183828], [38.6969436903302, 53.71629594350895], [38.70298840597799, 52.85336396126462], [37.27774462005015, 52.84124311849035], [37.242714762523796, 53.70379065183828]]]}}, {"type": "Feature", "id": "AF_tr_000294", "properties": {"id": "AF_tr_000294", "chip_id": "AF_tr_000294", "kind": "af", "task": "af", "split": "train", "utm_zone": 37, "gsd_m": 375.0, "width": 256, "height": 256, "crs": "WGS 84 / UTM zone 37N", "source": "Мониторинг DATA · train"}, "geometry": {"type": "Polygon", "coordinates": [[[38.70298840597799, 52.85336396126462], [40.128532916002136, 52.84837222877786], [40.10671421422226, 51.98546582575733], [38.70873207777713, 51.99030534022883], [38.70298840597799, 52.85336396126462]]]}}, {"type": "Feature", "id": "AF_tr_000295", "properties": {"id": "AF_tr_000295", "chip_id": "AF_tr_000295", "kind": "af", "task": "af", "split": "train", "utm_zone": 38, "gsd_m": 375.0, "width": 256, "height": 256, "crs": "WGS 84 / UTM zone 38N", "source": "Мониторинг DATA · train"}, "geometry": {"type": "Polygon", "coordinates": [[[41.91495811232081, 51.95023813464002], [43.311031050337974, 51.97855405294561], [43.3426877374103, 51.115723462765644], [41.97270561053398, 51.08826385025585], [41.91495811232081, 51.95023813464002]]]}}, {"type": "Feature", "id": "AF_tr_000296", "properties": {"id": "AF_tr_000296", "chip_id": "AF_tr_000296", "kind": "af", "task": "af", "split": "train", "utm_zone": 37, "gsd_m": 375.0, "width": 256, "height": 256, "crs": "WGS 84 / UTM zone 37N", "source": "Мониторинг DATA · train"}, "geometry": {"type": "Polygon", "coordinates": [[[37.242714762523796, 53.70379065183828], [38.6969436903302, 53.71629594350895], [38.70298840597799, 52.85336396126462], [37.27774462005015, 52.84124311849035], [37.242714762523796, 53.70379065183828]]]}}, {"type": "Feature", "id": "AF_tr_000297", "properties": {"id": "AF_tr_000297", "chip_id": "AF_tr_000297", "kind": "af", "task": "af", "split": "train", "utm_zone": 37, "gsd_m": 375.0, "width": 256, "height": 256, "crs": "WGS 84 / UTM zone 37N", "source": "Мониторинг DATA · train"}, "geometry": {"type": "Polygon", "coordinates": [[[38.70298840597799, 52.85336396126462], [40.128532916002136, 52.84837222877786], [40.10671421422226, 51.98546582575733], [38.70873207777713, 51.99030534022883], [38.70298840597799, 52.85336396126462]]]}}, {"type": "Feature", "id": "AF_tr_000298", "properties": {"id": "AF_tr_000298", "chip_id": "AF_tr_000298", "kind": "af", "task": "af", "split": "train", "utm_zone": 37, "gsd_m": 375.0, "width": 256, "height": 256, "crs": "WGS 84 / UTM zone 37N", "source": "Мониторинг DATA · train"}, "geometry": {"type": "Polygon", "coordinates": [[[41.503628768481356, 51.96404629133559], [42.89813355031119, 51.92609439036883], [42.82524798393685, 51.06484942752325], [41.45673438841302, 51.101654561186145], [41.503628768481356, 51.96404629133559]]]}}, {"type": "Feature", "id": "AF_tr_000299", "properties": {"id": "AF_tr_000299", "chip_id": "AF_tr_000299", "kind": "af", "task": "af", "split": "train", "utm_zone": 38, "gsd_m": 375.0, "width": 256, "height": 256, "crs": "WGS 84 / UTM zone 38N", "source": "Мониторинг DATA · train"}, "geometry": {"type": "Polygon", "coordinates": [[[42.222991102593575, 46.77584351989473], [43.47986538598567, 46.799450208872635], [43.50364251782545, 45.93577269528009], [42.26638106455281, 45.912862969755935], [42.222991102593575, 46.77584351989473]]]}}, {"type": "Feature", "id": "AF_tr_000300", "properties": {"id": "AF_tr_000300", "chip_id": "AF_tr_000300", "kind": "af", "task": "af", "split": "train", "utm_zone": 38, "gsd_m": 375.0, "width": 256, "height": 256, "crs": "WGS 84 / UTM zone 38N", "source": "Мониторинг DATA · train"}, "geometry": {"type": "Polygon", "coordinates": [[[42.027673469449226, 50.226116949269624], [43.372818454529856, 50.25275138051406], [43.40151811207814, 49.389637874228825], [42.080034194236326, 49.36379953296444], [42.027673469449226, 50.226116949269624]]]}}, {"type": "Feature", "id": "AF_tr_000301", "properties": {"id": "AF_tr_000301", "chip_id": "AF_tr_000301", "kind": "af", "task": "af", "split": "train", "utm_zone": 38, "gsd_m": 375.0, "width": 256, "height": 256, "crs": "WGS 84 / UTM zone 38N", "source": "Мониторинг DATA · train"}, "geometry": {"type": "Polygon", "coordinates": [[[41.85424240713865, 52.812037550553406], [43.27774462005015, 52.84124311849035], [43.311031050337974, 51.97855405294561], [41.91495811232081, 51.95023813464002], [41.85424240713865, 52.812037550553406]]]}}, {"type": "Feature", "id": "AF_tr_000302", "properties": {"id": "AF_tr_000302", "chip_id": "AF_tr_000302", "kind": "af", "task": "af", "split": "train", "utm_zone": 37, "gsd_m": 375.0, "width": 256, "height": 256, "crs": "WGS 84 / UTM zone 37N", "source": "Мониторинг DATA · train"}, "geometry": {"type": "Polygon", "coordinates": [[[37.40151811207814, 49.389637874228825], [38.72434493331615, 49.40036015153286], [38.72906466171082, 48.53678604774846], [37.428873674978014, 48.52638305660792], [37.40151811207814, 49.389637874228825]]]}}, {"type": "Feature", "id": "AF_tr_000303", "properties": {"id": "AF_tr_000303", "chip_id": "AF_tr_000303", "kind": "af", "task": "af", "split": "train", "utm_zone": 38, "gsd_m": 375.0, "width": 256, "height": 256, "crs": "WGS 84 / UTM zone 38N", "source": "Мониторинг DATA · train"}, "geometry": {"type": "Polygon", "coordinates": [[[41.97270561053398, 51.08826385025585], [43.3426877374103, 51.115723462765644], [43.372818454529856, 50.25275138051406], [42.027673469449226, 50.226116949269624], [41.97270561053398, 51.08826385025585]]]}}, {"type": "Feature", "id": "AF_tr_000304", "properties": {"id": "AF_tr_000304", "chip_id": "AF_tr_000304", "kind": "af", "task": "af", "split": "train", "utm_zone": 38, "gsd_m": 375.0, "width": 256, "height": 256, "crs": "WGS 84 / UTM zone 38N", "source": "Мониторинг DATA · train"}, "geometry": {"type": "Polygon", "coordinates": [[[41.91495811232081, 51.95023813464002], [43.311031050337974, 51.97855405294561], [43.3426877374103, 51.115723462765644], [41.97270561053398, 51.08826385025585], [41.91495811232081, 51.95023813464002]]]}}, {"type": "Feature", "id": "AF_tr_000305", "properties": {"id": "AF_tr_000305", "chip_id": "AF_tr_000305", "kind": "af", "task": "af", "split": "train", "utm_zone": 37, "gsd_m": 375.0, "width": 256, "height": 256, "crs": "WGS 84 / UTM zone 37N", "source": "Мониторинг DATA · train"}, "geometry": {"type": "Polygon", "coordinates": [[[37.52635870253507, 45.07195491509202], [38.74588305338949, 45.08118054308293], [38.74962881194533, 44.21695060400904], [37.54807151969758, 44.20799730740711], [37.52635870253507, 45.07195491509202]]]}}, {"type": "Feature", "id": "AF_tr_000306", "properties": {"id": "AF_tr_000306", "chip_id": "AF_tr_000306", "kind": "af", "task": "af", "split": "train", "utm_zone": 37, "gsd_m": 375.0, "width": 256, "height": 256, "crs": "WGS 84 / UTM zone 37N", "source": "Мониторинг DATA · train"}, "geometry": {"type": "Polygon", "coordinates": [[[37.50364251782545, 45.93577269528009], [38.74196412431145, 45.945278916466506], [38.74588305338949, 45.08118054308293], [37.52635870253507, 45.07195491509202], [37.50364251782545, 45.93577269528009]]]}}, {"type": "Feature", "id": "AF_tr_000307", "properties": {"id": "AF_tr_000307", "chip_id": "AF_tr_000307", "kind": "af", "task": "af", "split": "train", "utm_zone": 37, "gsd_m": 375.0, "width": 256, "height": 256, "crs": "WGS 84 / UTM zone 37N", "source": "Мониторинг DATA · train"}, "geometry": {"type": "Polygon", "coordinates": [[[37.311031050337974, 51.97855405294561], [38.70873207777713, 51.99030534022883], [38.71419435538326, 51.12711907494891], [37.3426877374103, 51.115723462765644], [37.311031050337974, 51.97855405294561]]]}}, {"type": "Feature", "id": "AF_tr_000308", "properties": {"id": "AF_tr_000308", "chip_id": "AF_tr_000308", "kind": "af", "task": "af", "split": "train", "utm_zone": 37, "gsd_m": 375.0, "width": 256, "height": 256, "crs": "WGS 84 / UTM zone 37N", "source": "Мониторинг DATA · train"}, "geometry": {"type": "Polygon", "coordinates": [[[37.242714762523796, 53.70379065183828], [38.6969436903302, 53.71629594350895], [38.70298840597799, 52.85336396126462], [37.27774462005015, 52.84124311849035], [37.242714762523796, 53.70379065183828]]]}}, {"type": "Feature", "id": "AF_tr_000309", "properties": {"id": "AF_tr_000309", "chip_id": "AF_tr_000309", "kind": "af", "task": "af", "split": "train", "utm_zone": 37, "gsd_m": 375.0, "width": 256, "height": 256, "crs": "WGS 84 / UTM zone 37N", "source": "Мониторинг DATA · train"}, "geometry": {"type": "Polygon", "coordinates": [[[41.6048222798915, 53.68835261844834], [43.05538806145587, 53.64797027044222], [42.97476032903755, 52.78713616784348], [41.55293538309465, 52.826279394963805], [41.6048222798915, 53.68835261844834]]]}}, {"type": "Feature", "id": "AF_tr_000310", "properties": {"id": "AF_tr_000310", "chip_id": "AF_tr_000310", "kind": "af", "task": "af", "split": "train", "utm_zone": 38, "gsd_m": 375.0, "width": 256, "height": 256, "crs": "WGS 84 / UTM zone 38N", "source": "Мониторинг DATA · train"}, "geometry": {"type": "Polygon", "coordinates": [[[40.521850321640926, 51.905420512022324], [41.91495811232081, 51.95023813464002], [41.97270561053398, 51.08826385025585], [40.60550038843674, 51.044799461288115], [40.521850321640926, 51.905420512022324]]]}}, {"type": "Feature", "id": "AF_tr_000311", "properties": {"id": "AF_tr_000311", "chip_id": "AF_tr_000311", "kind": "af", "task": "af", "split": "train", "utm_zone": 38, "gsd_m": 375.0, "width": 256, "height": 256, "crs": "WGS 84 / UTM zone 38N", "source": "Мониторинг DATA · train"}, "geometry": {"type": "Polygon", "coordinates": [[[41.7903519726391, 53.67365966308021], [43.242714762523796, 53.70379065183828], [43.27774462005015, 52.84124311849035], [41.85424240713865, 52.812037550553406], [41.7903519726391, 53.67365966308021]]]}}, {"type": "Feature", "id": "AF_tr_000312", "properties": {"id": "AF_tr_000312", "chip_id": "AF_tr_000312", "kind": "af", "task": "af", "split": "train", "utm_zone": 37, "gsd_m": 375.0, "width": 256, "height": 256, "crs": "WGS 84 / UTM zone 37N", "source": "Мониторинг DATA · train"}, "geometry": {"type": "Polygon", "coordinates": [[[38.70298840597799, 52.85336396126462], [40.128532916002136, 52.84837222877786], [40.10671421422226, 51.98546582575733], [38.70873207777713, 51.99030534022883], [38.70298840597799, 52.85336396126462]]]}}, {"type": "Feature", "id": "AF_tr_000313", "properties": {"id": "AF_tr_000313", "chip_id": "AF_tr_000313", "kind": "af", "task": "af", "split": "train", "utm_zone": 37, "gsd_m": 375.0, "width": 256, "height": 256, "crs": "WGS 84 / UTM zone 37N", "source": "Мониторинг DATA · train"}, "geometry": {"type": "Polygon", "coordinates": [[[38.6969436903302, 53.71629594350895], [40.151494875203916, 53.711145856053065], [40.128532916002136, 52.84837222877786], [38.70298840597799, 52.85336396126462], [38.6969436903302, 53.71629594350895]]]}}, {"type": "Feature", "id": "AF_tr_000314", "properties": {"id": "AF_tr_000314", "chip_id": "AF_tr_000314", "kind": "af", "task": "af", "split": "train", "utm_zone": 37, "gsd_m": 375.0, "width": 256, "height": 256, "crs": "WGS 84 / UTM zone 37N", "source": "Мониторинг DATA · train"}, "geometry": {"type": "Polygon", "coordinates": [[[40.0859641778546, 51.1224260591292], [41.45673438841302, 51.101654561186145], [41.41209882466145, 50.239105376228665], [40.0662147220547, 50.25925241720276], [40.0859641778546, 51.1224260591292]]]}}, {"type": "Feature", "id": "AF_tr_000315", "properties": {"id": "AF_tr_000315", "chip_id": "AF_tr_000315", "kind": "af", "task": "af", "split": "train", "utm_zone": 37, "gsd_m": 375.0, "width": 256, "height": 256, "crs": "WGS 84 / UTM zone 37N", "source": "Мониторинг DATA · train"}, "geometry": {"type": "Polygon", "coordinates": [[[40.151494875203916, 53.711145856053065], [41.6048222798915, 53.68835261844834], [41.55293538309465, 52.826279394963805], [40.128532916002136, 52.84837222877786], [40.151494875203916, 53.711145856053065]]]}}, {"type": "Feature", "id": "AF_tr_000316", "properties": {"id": "AF_tr_000316", "chip_id": "AF_tr_000316", "kind": "af", "task": "af", "split": "train", "utm_zone": 38, "gsd_m": 375.0, "width": 256, "height": 256, "crs": "WGS 84 / UTM zone 38N", "source": "Мониторинг DATA · train"}, "geometry": {"type": "Polygon", "coordinates": [[[40.341386694416066, 53.625974326833294], [41.7903519726391, 53.67365966308021], [41.85424240713865, 52.812037550553406], [40.433911491137835, 52.76581421314698], [40.341386694416066, 53.625974326833294]]]}}, {"type": "Feature", "id": "AF_tr_000317", "properties": {"id": "AF_tr_000317", "chip_id": "AF_tr_000317", "kind": "af", "task": "af", "split": "train", "utm_zone": 38, "gsd_m": 375.0, "width": 256, "height": 256, "crs": "WGS 84 / UTM zone 38N", "source": "Мониторинг DATA · train"}, "geometry": {"type": "Polygon", "coordinates": [[[47.6048222798915, 53.68835261844834], [49.05538806145587, 53.64797027044222], [48.97476032903755, 52.78713616784348], [47.55293538309465, 52.826279394963805], [47.6048222798915, 53.68835261844834]]]}}, {"type": "Feature", "id": "AF_tr_000318", "properties": {"id": "AF_tr_000318", "chip_id": "AF_tr_000318", "kind": "af", "task": "af", "split": "train", "utm_zone": 37, "gsd_m": 375.0, "width": 256, "height": 256, "crs": "WGS 84 / UTM zone 37N", "source": "Мониторинг DATA · train"}, "geometry": {"type": "Polygon", "coordinates": [[[37.52635870253507, 45.07195491509202], [38.74588305338949, 45.08118054308293], [38.74962881194533, 44.21695060400904], [37.54807151969758, 44.20799730740711], [37.52635870253507, 45.07195491509202]]]}}, {"type": "Feature", "id": "AF_tr_000319", "properties": {"id": "AF_tr_000319", "chip_id": "AF_tr_000319", "kind": "af", "task": "af", "split": "train", "utm_zone": 38, "gsd_m": 375.0, "width": 256, "height": 256, "crs": "WGS 84 / UTM zone 38N", "source": "Мониторинг DATA · train"}, "geometry": {"type": "Polygon", "coordinates": [[[42.17755369296443, 47.63866097384442], [43.45496496820575, 47.66298709307604], [43.47986538598567, 46.799450208872635], [42.222991102593575, 46.77584351989473], [42.17755369296443, 47.63866097384442]]]}}, {"type": "Feature", "id": "AF_tr_000320", "properties": {"id": "AF_tr_000320", "chip_id": "AF_tr_000320", "kind": "af", "task": "af", "split": "train", "utm_zone": 38, "gsd_m": 375.0, "width": 256, "height": 256, "crs": "WGS 84 / UTM zone 38N", "source": "Мониторинг DATA · train"}, "geometry": {"type": "Polygon", "coordinates": [[[44.6969436903302, 53.71629594350895], [46.151494875203916, 53.711145856053065], [46.128532916002136, 52.84837222877786], [44.70298840597799, 52.85336396126462], [44.6969436903302, 53.71629594350895]]]}}, {"type": "Feature", "id": "AF_tr_000321", "properties": {"id": "AF_tr_000321", "chip_id": "AF_tr_000321", "kind": "af", "task": "af", "split": "train", "utm_zone": 37, "gsd_m": 375.0, "width": 256, "height": 256, "crs": "WGS 84 / UTM zone 37N", "source": "Мониторинг DATA · train"}, "geometry": {"type": "Polygon", "coordinates": [[[37.52635870253507, 45.07195491509202], [38.74588305338949, 45.08118054308293], [38.74962881194533, 44.21695060400904], [37.54807151969758, 44.20799730740711], [37.52635870253507, 45.07195491509202]]]}}, {"type": "Feature", "id": "AF_tr_000322", "properties": {"id": "AF_tr_000322", "chip_id": "AF_tr_000322", "kind": "af", "task": "af", "split": "train", "utm_zone": 37, "gsd_m": 375.0, "width": 256, "height": 256, "crs": "WGS 84 / UTM zone 37N", "source": "Мониторинг DATA · train"}, "geometry": {"type": "Polygon", "coordinates": [[[37.50364251782545, 45.93577269528009], [38.74196412431145, 45.945278916466506], [38.74588305338949, 45.08118054308293], [37.52635870253507, 45.07195491509202], [37.50364251782545, 45.93577269528009]]]}}, {"type": "Feature", "id": "AF_tr_000323", "properties": {"id": "AF_tr_000323", "chip_id": "AF_tr_000323", "kind": "af", "task": "af", "split": "train", "utm_zone": 37, "gsd_m": 375.0, "width": 256, "height": 256, "crs": "WGS 84 / UTM zone 37N", "source": "Мониторинг DATA · train"}, "geometry": {"type": "Polygon", "coordinates": [[[37.40151811207814, 49.389637874228825], [38.72434493331615, 49.40036015153286], [38.72906466171082, 48.53678604774846], [37.428873674978014, 48.52638305660792], [37.40151811207814, 49.389637874228825]]]}}, {"type": "Feature", "id": "AF_tr_000324", "properties": {"id": "AF_tr_000324", "chip_id": "AF_tr_000324", "kind": "af", "task": "af", "split": "train", "utm_zone": 38, "gsd_m": 375.0, "width": 256, "height": 256, "crs": "WGS 84 / UTM zone 38N", "source": "Мониторинг DATA · train"}, "geometry": {"type": "Polygon", "coordinates": [[[43.428873674978014, 48.52638305660792], [44.72906466171082, 48.53678604774846], [44.73356615049983, 47.67308141048665], [43.45496496820575, 47.66298709307604], [43.428873674978014, 48.52638305660792]]]}}, {"type": "Feature", "id": "AF_tr_000325", "properties": {"id": "AF_tr_000325", "chip_id": "AF_tr_000325", "kind": "af", "task": "af", "split": "train", "utm_zone": 38, "gsd_m": 375.0, "width": 256, "height": 256, "crs": "WGS 84 / UTM zone 38N", "source": "Мониторинг DATA · train"}, "geometry": {"type": "Polygon", "coordinates": [[[46.0662147220547, 50.25925241720276], [47.41209882466145, 50.239105376228665], [47.369581744207984, 49.37639984805247], [46.04740358058268, 49.39594446950651], [46.0662147220547, 50.25925241720276]]]}}, {"type": "Feature", "id": "AF_tr_000326", "properties": {"id": "AF_tr_000326", "chip_id": "AF_tr_000326", "kind": "af", "task": "af", "split": "train", "utm_zone": 37, "gsd_m": 375.0, "width": 256, "height": 256, "crs": "WGS 84 / UTM zone 37N", "source": "Мониторинг DATA · train"}, "geometry": {"type": "Polygon", "coordinates": [[[37.47986538598567, 46.799450208872635], [38.737862079383504, 46.809245805748745], [38.74196412431145, 45.945278916466506], [37.50364251782545, 45.93577269528009], [37.47986538598567, 46.799450208872635]]]}}, {"type": "Feature", "id": "AF_tr_000327", "properties": {"id": "AF_tr_000327", "chip_id": "AF_tr_000327", "kind": "af", "task": "af", "split": "train", "utm_zone": 37, "gsd_m": 375.0, "width": 256, "height": 256, "crs": "WGS 84 / UTM zone 37N", "source": "Мониторинг DATA · train"}, "geometry": {"type": "Polygon", "coordinates": [[[37.3426877374103, 51.115723462765644], [38.71419435538326, 51.12711907494891], [38.719393173472845, 50.26380427206238], [37.372818454529856, 50.25275138051406], [37.3426877374103, 51.115723462765644]]]}}, {"type": "Feature", "id": "AF_tr_000328", "properties": {"id": "AF_tr_000328", "chip_id": "AF_tr_000328", "kind": "af", "task": "af", "split": "train", "utm_zone": 38, "gsd_m": 375.0, "width": 256, "height": 256, "crs": "WGS 84 / UTM zone 38N", "source": "Мониторинг DATA · train"}, "geometry": {"type": "Polygon", "coordinates": [[[41.91495811232081, 51.95023813464002], [43.311031050337974, 51.97855405294561], [43.3426877374103, 51.115723462765644], [41.97270561053398, 51.08826385025585], [41.91495811232081, 51.95023813464002]]]}}, {"type": "Feature", "id": "AF_tr_000329", "properties": {"id": "AF_tr_000329", "chip_id": "AF_tr_000329", "kind": "af", "task": "af", "split": "train", "utm_zone": 37, "gsd_m": 375.0, "width": 256, "height": 256, "crs": "WGS 84 / UTM zone 37N", "source": "Мониторинг DATA · train"}, "geometry": {"type": "Polygon", "coordinates": [[[37.47986538598567, 46.799450208872635], [38.737862079383504, 46.809245805748745], [38.74196412431145, 45.945278916466506], [37.50364251782545, 45.93577269528009], [37.47986538598567, 46.799450208872635]]]}}, {"type": "Feature", "id": "AF_tr_000330", "properties": {"id": "AF_tr_000330", "chip_id": "AF_tr_000330", "kind": "af", "task": "af", "split": "train", "utm_zone": 37, "gsd_m": 375.0, "width": 256, "height": 256, "crs": "WGS 84 / UTM zone 37N", "source": "Мониторинг DATA · train"}, "geometry": {"type": "Polygon", "coordinates": [[[37.45496496820575, 47.66298709307604], [38.73356615049983, 47.67308141048665], [38.737862079383504, 46.809245805748745], [37.47986538598567, 46.799450208872635], [37.45496496820575, 47.66298709307604]]]}}, {"type": "Feature", "id": "AF_tr_000331", "properties": {"id": "AF_tr_000331", "chip_id": "AF_tr_000331", "kind": "af", "task": "af", "split": "train", "utm_zone": 37, "gsd_m": 375.0, "width": 256, "height": 256, "crs": "WGS 84 / UTM zone 37N", "source": "Мониторинг DATA · train"}, "geometry": {"type": "Polygon", "coordinates": [[[38.737862079383504, 46.809245805748745], [39.996052505693164, 46.80521179479557], [39.98046870974709, 45.94136408799433], [38.74196412431145, 45.945278916466506], [38.737862079383504, 46.809245805748745]]]}}, {"type": "Feature", "id": "AF_tr_000332", "properties": {"id": "AF_tr_000332", "chip_id": "AF_tr_000332", "kind": "af", "task": "af", "split": "train", "utm_zone": 37, "gsd_m": 375.0, "width": 256, "height": 256, "crs": "WGS 84 / UTM zone 37N", "source": "Мониторинг DATA · train"}, "geometry": {"type": "Polygon", "coordinates": [[[37.47986538598567, 46.799450208872635], [38.737862079383504, 46.809245805748745], [38.74196412431145, 45.945278916466506], [37.50364251782545, 45.93577269528009], [37.47986538598567, 46.799450208872635]]]}}, {"type": "Feature", "id": "AF_tr_000333", "properties": {"id": "AF_tr_000333", "chip_id": "AF_tr_000333", "kind": "af", "task": "af", "split": "train", "utm_zone": 37, "gsd_m": 375.0, "width": 256, "height": 256, "crs": "WGS 84 / UTM zone 37N", "source": "Мониторинг DATA · train"}, "geometry": {"type": "Polygon", "coordinates": [[[37.45496496820575, 47.66298709307604], [38.73356615049983, 47.67308141048665], [38.737862079383504, 46.809245805748745], [37.47986538598567, 46.799450208872635], [37.45496496820575, 47.66298709307604]]]}}, {"type": "Feature", "id": "AF_tr_000334", "properties": {"id": "AF_tr_000334", "chip_id": "AF_tr_000334", "kind": "af", "task": "af", "split": "train", "utm_zone": 37, "gsd_m": 375.0, "width": 256, "height": 256, "crs": "WGS 84 / UTM zone 37N", "source": "Мониторинг DATA · train"}, "geometry": {"type": "Polygon", "coordinates": [[[37.428873674978014, 48.52638305660792], [38.72906466171082, 48.53678604774846], [38.73356615049983, 47.67308141048665], [37.45496496820575, 47.66298709307604], [37.428873674978014, 48.52638305660792]]]}}, {"type": "Feature", "id": "AF_tr_000335", "properties": {"id": "AF_tr_000335", "chip_id": "AF_tr_000335", "kind": "af", "task": "af", "split": "train", "utm_zone": 37, "gsd_m": 375.0, "width": 256, "height": 256, "crs": "WGS 84 / UTM zone 37N", "source": "Мониторинг DATA · train"}, "geometry": {"type": "Polygon", "coordinates": [[[37.40151811207814, 49.389637874228825], [38.72434493331615, 49.40036015153286], [38.72906466171082, 48.53678604774846], [37.428873674978014, 48.52638305660792], [37.40151811207814, 49.389637874228825]]]}}, {"type": "Feature", "id": "AF_tr_000336", "properties": {"id": "AF_tr_000336", "chip_id": "AF_tr_000336", "kind": "af", "task": "af", "split": "train", "utm_zone": 37, "gsd_m": 375.0, "width": 256, "height": 256, "crs": "WGS 84 / UTM zone 37N", "source": "Мониторинг DATA · train"}, "geometry": {"type": "Polygon", "coordinates": [[[38.70298840597799, 52.85336396126462], [40.128532916002136, 52.84837222877786], [40.10671421422226, 51.98546582575733], [38.70873207777713, 51.99030534022883], [38.70298840597799, 52.85336396126462]]]}}, {"type": "Feature", "id": "AF_tr_000337", "properties": {"id": "AF_tr_000337", "chip_id": "AF_tr_000337", "kind": "af", "task": "af", "split": "train", "utm_zone": 38, "gsd_m": 375.0, "width": 256, "height": 256, "crs": "WGS 84 / UTM zone 38N", "source": "Мониторинг DATA · train"}, "geometry": {"type": "Polygon", "coordinates": [[[42.222991102593575, 46.77584351989473], [43.47986538598567, 46.799450208872635], [43.50364251782545, 45.93577269528009], [42.26638106455281, 45.912862969755935], [42.222991102593575, 46.77584351989473]]]}}, {"type": "Feature", "id": "AF_tr_000338", "properties": {"id": "AF_tr_000338", "chip_id": "AF_tr_000338", "kind": "af", "task": "af", "split": "train", "utm_zone": 37, "gsd_m": 375.0, "width": 256, "height": 256, "crs": "WGS 84 / UTM zone 37N", "source": "Мониторинг DATA · train"}, "geometry": {"type": "Polygon", "coordinates": [[[37.428873674978014, 48.52638305660792], [38.72906466171082, 48.53678604774846], [38.73356615049983, 47.67308141048665], [37.45496496820575, 47.66298709307604], [37.428873674978014, 48.52638305660792]]]}}, {"type": "Feature", "id": "AF_tr_000339", "properties": {"id": "AF_tr_000339", "chip_id": "AF_tr_000339", "kind": "af", "task": "af", "split": "train", "utm_zone": 37, "gsd_m": 375.0, "width": 256, "height": 256, "crs": "WGS 84 / UTM zone 37N", "source": "Мониторинг DATA · train"}, "geometry": {"type": "Polygon", "coordinates": [[[37.372818454529856, 50.25275138051406], [38.719393173472845, 50.26380427206238], [38.72434493331615, 49.40036015153286], [37.40151811207814, 49.389637874228825], [37.372818454529856, 50.25275138051406]]]}}, {"type": "Feature", "id": "AF_tr_000340", "properties": {"id": "AF_tr_000340", "chip_id": "AF_tr_000340", "kind": "af", "task": "af", "split": "train", "utm_zone": 37, "gsd_m": 375.0, "width": 256, "height": 256, "crs": "WGS 84 / UTM zone 37N", "source": "Мониторинг DATA · train"}, "geometry": {"type": "Polygon", "coordinates": [[[37.311031050337974, 51.97855405294561], [38.70873207777713, 51.99030534022883], [38.71419435538326, 51.12711907494891], [37.3426877374103, 51.115723462765644], [37.311031050337974, 51.97855405294561]]]}}, {"type": "Feature", "id": "AF_tr_000341", "properties": {"id": "AF_tr_000341", "chip_id": "AF_tr_000341", "kind": "af", "task": "af", "split": "train", "utm_zone": 37, "gsd_m": 375.0, "width": 256, "height": 256, "crs": "WGS 84 / UTM zone 37N", "source": "Мониторинг DATA · train"}, "geometry": {"type": "Polygon", "coordinates": [[[38.72906466171082, 48.53678604774846], [40.029473703042434, 48.53250187122371], [40.012372725710755, 47.668924367087534], [38.73356615049983, 47.67308141048665], [38.72906466171082, 48.53678604774846]]]}}, {"type": "Feature", "id": "AF_tr_000342", "properties": {"id": "AF_tr_000342", "chip_id": "AF_tr_000342", "kind": "af", "task": "af", "split": "train", "utm_zone": 37, "gsd_m": 375.0, "width": 256, "height": 256, "crs": "WGS 84 / UTM zone 37N", "source": "Мониторинг DATA · train"}, "geometry": {"type": "Polygon", "coordinates": [[[38.70298840597799, 52.85336396126462], [40.128532916002136, 52.84837222877786], [40.10671421422226, 51.98546582575733], [38.70873207777713, 51.99030534022883], [38.70298840597799, 52.85336396126462]]]}}, {"type": "Feature", "id": "AF_tr_000343", "properties": {"id": "AF_tr_000343", "chip_id": "AF_tr_000343", "kind": "af", "task": "af", "split": "train", "utm_zone": 37, "gsd_m": 375.0, "width": 256, "height": 256, "crs": "WGS 84 / UTM zone 37N", "source": "Мониторинг DATA · train"}, "geometry": {"type": "Polygon", "coordinates": [[[37.50364251782545, 45.93577269528009], [38.74196412431145, 45.945278916466506], [38.74588305338949, 45.08118054308293], [37.52635870253507, 45.07195491509202], [37.50364251782545, 45.93577269528009]]]}}, {"type": "Feature", "id": "AF_tr_000344", "properties": {"id": "AF_tr_000344", "chip_id": "AF_tr_000344", "kind": "af", "task": "af", "split": "train", "utm_zone": 37, "gsd_m": 375.0, "width": 256, "height": 256, "crs": "WGS 84 / UTM zone 37N", "source": "Мониторинг DATA · train"}, "geometry": {"type": "Polygon", "coordinates": [[[37.47986538598567, 46.799450208872635], [38.737862079383504, 46.809245805748745], [38.74196412431145, 45.945278916466506], [37.50364251782545, 45.93577269528009], [37.47986538598567, 46.799450208872635]]]}}, {"type": "Feature", "id": "AF_tr_000345", "properties": {"id": "AF_tr_000345", "chip_id": "AF_tr_000345", "kind": "af", "task": "af", "split": "train", "utm_zone": 37, "gsd_m": 375.0, "width": 256, "height": 256, "crs": "WGS 84 / UTM zone 37N", "source": "Мониторинг DATA · train"}, "geometry": {"type": "Polygon", "coordinates": [[[37.45496496820575, 47.66298709307604], [38.73356615049983, 47.67308141048665], [38.737862079383504, 46.809245805748745], [37.47986538598567, 46.799450208872635], [37.45496496820575, 47.66298709307604]]]}}, {"type": "Feature", "id": "AF_tr_000346", "properties": {"id": "AF_tr_000346", "chip_id": "AF_tr_000346", "kind": "af", "task": "af", "split": "train", "utm_zone": 37, "gsd_m": 375.0, "width": 256, "height": 256, "crs": "WGS 84 / UTM zone 37N", "source": "Мониторинг DATA · train"}, "geometry": {"type": "Polygon", "coordinates": [[[38.74196412431145, 45.945278916466506], [39.98046870974709, 45.94136408799433], [39.965580450441, 45.07738127887619], [38.74588305338949, 45.08118054308293], [38.74196412431145, 45.945278916466506]]]}}, {"type": "Feature", "id": "AF_tr_000347", "properties": {"id": "AF_tr_000347", "chip_id": "AF_tr_000347", "kind": "af", "task": "af", "split": "train", "utm_zone": 37, "gsd_m": 375.0, "width": 256, "height": 256, "crs": "WGS 84 / UTM zone 37N", "source": "Мониторинг DATA · train"}, "geometry": {"type": "Polygon", "coordinates": [[[38.737862079383504, 46.809245805748745], [39.996052505693164, 46.80521179479557], [39.98046870974709, 45.94136408799433], [38.74196412431145, 45.945278916466506], [38.737862079383504, 46.809245805748745]]]}}, {"type": "Feature", "id": "AF_tr_000348", "properties": {"id": "AF_tr_000348", "chip_id": "AF_tr_000348", "kind": "af", "task": "af", "split": "train", "utm_zone": 37, "gsd_m": 375.0, "width": 256, "height": 256, "crs": "WGS 84 / UTM zone 37N", "source": "Мониторинг DATA · train"}, "geometry": {"type": "Polygon", "coordinates": [[[39.965580450441, 45.07738127887619], [41.184620547490965, 45.06056397730613], [41.15244870054454, 44.19694250367341], [39.95134996342069, 44.21326350042508], [39.965580450441, 45.07738127887619]]]}}, {"type": "Feature", "id": "AF_tr_000349", "properties": {"id": "AF_tr_000349", "chip_id": "AF_tr_000349", "kind": "af", "task": "af", "split": "train", "utm_zone": 37, "gsd_m": 375.0, "width": 256, "height": 256, "crs": "WGS 84 / UTM zone 37N", "source": "Мониторинг DATA · train"}, "geometry": {"type": "Polygon", "coordinates": [[[37.45496496820575, 47.66298709307604], [38.73356615049983, 47.67308141048665], [38.737862079383504, 46.809245805748745], [37.47986538598567, 46.799450208872635], [37.45496496820575, 47.66298709307604]]]}}, {"type": "Feature", "id": "AF_tr_000350", "properties": {"id": "AF_tr_000350", "chip_id": "AF_tr_000350", "kind": "af", "task": "af", "split": "train", "utm_zone": 37, "gsd_m": 375.0, "width": 256, "height": 256, "crs": "WGS 84 / UTM zone 37N", "source": "Мониторинг DATA · train"}, "geometry": {"type": "Polygon", "coordinates": [[[37.428873674978014, 48.52638305660792], [38.72906466171082, 48.53678604774846], [38.73356615049983, 47.67308141048665], [37.45496496820575, 47.66298709307604], [37.428873674978014, 48.52638305660792]]]}}, {"type": "Feature", "id": "AF_tr_000351", "properties": {"id": "AF_tr_000351", "chip_id": "AF_tr_000351", "kind": "af", "task": "af", "split": "train", "utm_zone": 38, "gsd_m": 375.0, "width": 256, "height": 256, "crs": "WGS 84 / UTM zone 38N", "source": "Мониторинг DATA · train"}, "geometry": {"type": "Polygon", "coordinates": [[[43.428873674978014, 48.52638305660792], [44.72906466171082, 48.53678604774846], [44.73356615049983, 47.67308141048665], [43.45496496820575, 47.66298709307604], [43.428873674978014, 48.52638305660792]]]}}, {"type": "Feature", "id": "AF_tr_000352", "properties": {"id": "AF_tr_000352", "chip_id": "AF_tr_000352", "kind": "af", "task": "af", "split": "train", "utm_zone": 37, "gsd_m": 375.0, "width": 256, "height": 256, "crs": "WGS 84 / UTM zone 37N", "source": "Мониторинг DATA · train"}, "geometry": {"type": "Polygon", "coordinates": [[[37.50364251782545, 45.93577269528009], [38.74196412431145, 45.945278916466506], [38.74588305338949, 45.08118054308293], [37.52635870253507, 45.07195491509202], [37.50364251782545, 45.93577269528009]]]}}, {"type": "Feature", "id": "AF_tr_000353", "properties": {"id": "AF_tr_000353", "chip_id": "AF_tr_000353", "kind": "af", "task": "af", "split": "train", "utm_zone": 37, "gsd_m": 375.0, "width": 256, "height": 256, "crs": "WGS 84 / UTM zone 37N", "source": "Мониторинг DATA · train"}, "geometry": {"type": "Polygon", "coordinates": [[[37.428873674978014, 48.52638305660792], [38.72906466171082, 48.53678604774846], [38.73356615049983, 47.67308141048665], [37.45496496820575, 47.66298709307604], [37.428873674978014, 48.52638305660792]]]}}, {"type": "Feature", "id": "AF_tr_000354", "properties": {"id": "AF_tr_000354", "chip_id": "AF_tr_000354", "kind": "af", "task": "af", "split": "train", "utm_zone": 37, "gsd_m": 375.0, "width": 256, "height": 256, "crs": "WGS 84 / UTM zone 37N", "source": "Мониторинг DATA · train"}, "geometry": {"type": "Polygon", "coordinates": [[[37.40151811207814, 49.389637874228825], [38.72434493331615, 49.40036015153286], [38.72906466171082, 48.53678604774846], [37.428873674978014, 48.52638305660792], [37.40151811207814, 49.389637874228825]]]}}, {"type": "Feature", "id": "AF_tr_000355", "properties": {"id": "AF_tr_000355", "chip_id": "AF_tr_000355", "kind": "af", "task": "af", "split": "train", "utm_zone": 37, "gsd_m": 375.0, "width": 256, "height": 256, "crs": "WGS 84 / UTM zone 37N", "source": "Мониторинг DATA · train"}, "geometry": {"type": "Polygon", "coordinates": [[[37.372818454529856, 50.25275138051406], [38.719393173472845, 50.26380427206238], [38.72434493331615, 49.40036015153286], [37.40151811207814, 49.389637874228825], [37.372818454529856, 50.25275138051406]]]}}, {"type": "Feature", "id": "AF_tr_000356", "properties": {"id": "AF_tr_000356", "chip_id": "AF_tr_000356", "kind": "af", "task": "af", "split": "train", "utm_zone": 37, "gsd_m": 375.0, "width": 256, "height": 256, "crs": "WGS 84 / UTM zone 37N", "source": "Мониторинг DATA · train"}, "geometry": {"type": "Polygon", "coordinates": [[[38.74588305338949, 45.08118054308293], [39.965580450441, 45.07738127887619], [39.95134996342069, 44.21326350042508], [38.74962881194533, 44.21695060400904], [38.74588305338949, 45.08118054308293]]]}}, {"type": "Feature", "id": "AF_tr_000357", "properties": {"id": "AF_tr_000357", "chip_id": "AF_tr_000357", "kind": "af", "task": "af", "split": "train", "utm_zone": 37, "gsd_m": 375.0, "width": 256, "height": 256, "crs": "WGS 84 / UTM zone 37N", "source": "Мониторинг DATA · train"}, "geometry": {"type": "Polygon", "coordinates": [[[38.74196412431145, 45.945278916466506], [39.98046870974709, 45.94136408799433], [39.965580450441, 45.07738127887619], [38.74588305338949, 45.08118054308293], [38.74196412431145, 45.945278916466506]]]}}, {"type": "Feature", "id": "AF_tr_000358", "properties": {"id": "AF_tr_000358", "chip_id": "AF_tr_000358", "kind": "af", "task": "af", "split": "train", "utm_zone": 37, "gsd_m": 375.0, "width": 256, "height": 256, "crs": "WGS 84 / UTM zone 37N", "source": "Мониторинг DATA · train"}, "geometry": {"type": "Polygon", "coordinates": [[[38.72906466171082, 48.53678604774846], [40.029473703042434, 48.53250187122371], [40.012372725710755, 47.668924367087534], [38.73356615049983, 47.67308141048665], [38.72906466171082, 48.53678604774846]]]}}, {"type": "Feature", "id": "AF_tr_000359", "properties": {"id": "AF_tr_000359", "chip_id": "AF_tr_000359", "kind": "af", "task": "af", "split": "train", "utm_zone": 38, "gsd_m": 375.0, "width": 256, "height": 256, "crs": "WGS 84 / UTM zone 38N", "source": "Мониторинг DATA · train"}, "geometry": {"type": "Polygon", "coordinates": [[[43.428873674978014, 48.52638305660792], [44.72906466171082, 48.53678604774846], [44.73356615049983, 47.67308141048665], [43.45496496820575, 47.66298709307604], [43.428873674978014, 48.52638305660792]]]}}, {"type": "Feature", "id": "AF_tr_000360", "properties": {"id": "AF_tr_000360", "chip_id": "AF_tr_000360", "kind": "af", "task": "af", "split": "train", "utm_zone": 37, "gsd_m": 375.0, "width": 256, "height": 256, "crs": "WGS 84 / UTM zone 37N", "source": "Мониторинг DATA · train"}, "geometry": {"type": "Polygon", "coordinates": [[[37.52635870253507, 45.07195491509202], [38.74588305338949, 45.08118054308293], [38.74962881194533, 44.21695060400904], [37.54807151969758, 44.20799730740711], [37.52635870253507, 45.07195491509202]]]}}, {"type": "Feature", "id": "AF_tr_000361", "properties": {"id": "AF_tr_000361", "chip_id": "AF_tr_000361", "kind": "af", "task": "af", "split": "train", "utm_zone": 37, "gsd_m": 375.0, "width": 256, "height": 256, "crs": "WGS 84 / UTM zone 37N", "source": "Мониторинг DATA · train"}, "geometry": {"type": "Polygon", "coordinates": [[[37.428873674978014, 48.52638305660792], [38.72906466171082, 48.53678604774846], [38.73356615049983, 47.67308141048665], [37.45496496820575, 47.66298709307604], [37.428873674978014, 48.52638305660792]]]}}, {"type": "Feature", "id": "AF_tr_000362", "properties": {"id": "AF_tr_000362", "chip_id": "AF_tr_000362", "kind": "af", "task": "af", "split": "train", "utm_zone": 37, "gsd_m": 375.0, "width": 256, "height": 256, "crs": "WGS 84 / UTM zone 37N", "source": "Мониторинг DATA · train"}, "geometry": {"type": "Polygon", "coordinates": [[[37.311031050337974, 51.97855405294561], [38.70873207777713, 51.99030534022883], [38.71419435538326, 51.12711907494891], [37.3426877374103, 51.115723462765644], [37.311031050337974, 51.97855405294561]]]}}, {"type": "Feature", "id": "AF_tr_000363", "properties": {"id": "AF_tr_000363", "chip_id": "AF_tr_000363", "kind": "af", "task": "af", "split": "train", "utm_zone": 37, "gsd_m": 375.0, "width": 256, "height": 256, "crs": "WGS 84 / UTM zone 37N", "source": "Мониторинг DATA · train"}, "geometry": {"type": "Polygon", "coordinates": [[[38.72906466171082, 48.53678604774846], [40.029473703042434, 48.53250187122371], [40.012372725710755, 47.668924367087534], [38.73356615049983, 47.67308141048665], [38.72906466171082, 48.53678604774846]]]}}, {"type": "Feature", "id": "AF_tr_000364", "properties": {"id": "AF_tr_000364", "chip_id": "AF_tr_000364", "kind": "af", "task": "af", "split": "train", "utm_zone": 37, "gsd_m": 375.0, "width": 256, "height": 256, "crs": "WGS 84 / UTM zone 37N", "source": "Мониторинг DATA · train"}, "geometry": {"type": "Polygon", "coordinates": [[[38.70298840597799, 52.85336396126462], [40.128532916002136, 52.84837222877786], [40.10671421422226, 51.98546582575733], [38.70873207777713, 51.99030534022883], [38.70298840597799, 52.85336396126462]]]}}, {"type": "Feature", "id": "AF_tr_000365", "properties": {"id": "AF_tr_000365", "chip_id": "AF_tr_000365", "kind": "af", "task": "af", "split": "train", "utm_zone": 38, "gsd_m": 375.0, "width": 256, "height": 256, "crs": "WGS 84 / UTM zone 38N", "source": "Мониторинг DATA · train"}, "geometry": {"type": "Polygon", "coordinates": [[[41.91495811232081, 51.95023813464002], [43.311031050337974, 51.97855405294561], [43.3426877374103, 51.115723462765644], [41.97270561053398, 51.08826385025585], [41.91495811232081, 51.95023813464002]]]}}, {"type": "Feature", "id": "AF_tr_000366", "properties": {"id": "AF_tr_000366", "chip_id": "AF_tr_000366", "kind": "af", "task": "af", "split": "train", "utm_zone": 37, "gsd_m": 375.0, "width": 256, "height": 256, "crs": "WGS 84 / UTM zone 37N", "source": "Мониторинг DATA · train"}, "geometry": {"type": "Polygon", "coordinates": [[[37.47986538598567, 46.799450208872635], [38.737862079383504, 46.809245805748745], [38.74196412431145, 45.945278916466506], [37.50364251782545, 45.93577269528009], [37.47986538598567, 46.799450208872635]]]}}, {"type": "Feature", "id": "AF_tr_000367", "properties": {"id": "AF_tr_000367", "chip_id": "AF_tr_000367", "kind": "af", "task": "af", "split": "train", "utm_zone": 37, "gsd_m": 375.0, "width": 256, "height": 256, "crs": "WGS 84 / UTM zone 37N", "source": "Мониторинг DATA · train"}, "geometry": {"type": "Polygon", "coordinates": [[[37.428873674978014, 48.52638305660792], [38.72906466171082, 48.53678604774846], [38.73356615049983, 47.67308141048665], [37.45496496820575, 47.66298709307604], [37.428873674978014, 48.52638305660792]]]}}, {"type": "Feature", "id": "AF_tr_000368", "properties": {"id": "AF_tr_000368", "chip_id": "AF_tr_000368", "kind": "af", "task": "af", "split": "train", "utm_zone": 37, "gsd_m": 375.0, "width": 256, "height": 256, "crs": "WGS 84 / UTM zone 37N", "source": "Мониторинг DATA · train"}, "geometry": {"type": "Polygon", "coordinates": [[[37.40151811207814, 49.389637874228825], [38.72434493331615, 49.40036015153286], [38.72906466171082, 48.53678604774846], [37.428873674978014, 48.52638305660792], [37.40151811207814, 49.389637874228825]]]}}, {"type": "Feature", "id": "AF_tr_000369", "properties": {"id": "AF_tr_000369", "chip_id": "AF_tr_000369", "kind": "af", "task": "af", "split": "train", "utm_zone": 37, "gsd_m": 375.0, "width": 256, "height": 256, "crs": "WGS 84 / UTM zone 37N", "source": "Мониторинг DATA · train"}, "geometry": {"type": "Polygon", "coordinates": [[[37.27774462005015, 52.84124311849035], [38.70298840597799, 52.85336396126462], [38.70873207777713, 51.99030534022883], [37.311031050337974, 51.97855405294561], [37.27774462005015, 52.84124311849035]]]}}, {"type": "Feature", "id": "AF_tr_000370", "properties": {"id": "AF_tr_000370", "chip_id": "AF_tr_000370", "kind": "af", "task": "af", "split": "train", "utm_zone": 37, "gsd_m": 375.0, "width": 256, "height": 256, "crs": "WGS 84 / UTM zone 37N", "source": "Мониторинг DATA · train"}, "geometry": {"type": "Polygon", "coordinates": [[[38.72906466171082, 48.53678604774846], [40.029473703042434, 48.53250187122371], [40.012372725710755, 47.668924367087534], [38.73356615049983, 47.67308141048665], [38.72906466171082, 48.53678604774846]]]}}, {"type": "Feature", "id": "AF_tr_000371", "properties": {"id": "AF_tr_000371", "chip_id": "AF_tr_000371", "kind": "af", "task": "af", "split": "train", "utm_zone": 37, "gsd_m": 375.0, "width": 256, "height": 256, "crs": "WGS 84 / UTM zone 37N", "source": "Мониторинг DATA · train"}, "geometry": {"type": "Polygon", "coordinates": [[[38.70298840597799, 52.85336396126462], [40.128532916002136, 52.84837222877786], [40.10671421422226, 51.98546582575733], [38.70873207777713, 51.99030534022883], [38.70298840597799, 52.85336396126462]]]}}, {"type": "Feature", "id": "AF_tr_000372", "properties": {"id": "AF_tr_000372", "chip_id": "AF_tr_000372", "kind": "af", "task": "af", "split": "train", "utm_zone": 37, "gsd_m": 375.0, "width": 256, "height": 256, "crs": "WGS 84 / UTM zone 37N", "source": "Мониторинг DATA · train"}, "geometry": {"type": "Polygon", "coordinates": [[[41.503628768481356, 51.96404629133559], [42.89813355031119, 51.92609439036883], [42.82524798393685, 51.06484942752325], [41.45673438841302, 51.101654561186145], [41.503628768481356, 51.96404629133559]]]}}, {"type": "Feature", "id": "AF_tr_000373", "properties": {"id": "AF_tr_000373", "chip_id": "AF_tr_000373", "kind": "af", "task": "af", "split": "train", "utm_zone": 37, "gsd_m": 375.0, "width": 256, "height": 256, "crs": "WGS 84 / UTM zone 37N", "source": "Мониторинг DATA · train"}, "geometry": {"type": "Polygon", "coordinates": [[[37.428873674978014, 48.52638305660792], [38.72906466171082, 48.53678604774846], [38.73356615049983, 47.67308141048665], [37.45496496820575, 47.66298709307604], [37.428873674978014, 48.52638305660792]]]}}, {"type": "Feature", "id": "AF_tr_000374", "properties": {"id": "AF_tr_000374", "chip_id": "AF_tr_000374", "kind": "af", "task": "af", "split": "train", "utm_zone": 37, "gsd_m": 375.0, "width": 256, "height": 256, "crs": "WGS 84 / UTM zone 37N", "source": "Мониторинг DATA · train"}, "geometry": {"type": "Polygon", "coordinates": [[[37.40151811207814, 49.389637874228825], [38.72434493331615, 49.40036015153286], [38.72906466171082, 48.53678604774846], [37.428873674978014, 48.52638305660792], [37.40151811207814, 49.389637874228825]]]}}, {"type": "Feature", "id": "AF_tr_000375", "properties": {"id": "AF_tr_000375", "chip_id": "AF_tr_000375", "kind": "af", "task": "af", "split": "train", "utm_zone": 37, "gsd_m": 375.0, "width": 256, "height": 256, "crs": "WGS 84 / UTM zone 37N", "source": "Мониторинг DATA · train"}, "geometry": {"type": "Polygon", "coordinates": [[[37.372818454529856, 50.25275138051406], [38.719393173472845, 50.26380427206238], [38.72434493331615, 49.40036015153286], [37.40151811207814, 49.389637874228825], [37.372818454529856, 50.25275138051406]]]}}, {"type": "Feature", "id": "AF_tr_000376", "properties": {"id": "AF_tr_000376", "chip_id": "AF_tr_000376", "kind": "af", "task": "af", "split": "train", "utm_zone": 37, "gsd_m": 375.0, "width": 256, "height": 256, "crs": "WGS 84 / UTM zone 37N", "source": "Мониторинг DATA · train"}, "geometry": {"type": "Polygon", "coordinates": [[[37.27774462005015, 52.84124311849035], [38.70298840597799, 52.85336396126462], [38.70873207777713, 51.99030534022883], [37.311031050337974, 51.97855405294561], [37.27774462005015, 52.84124311849035]]]}}, {"type": "Feature", "id": "AF_tr_000377", "properties": {"id": "AF_tr_000377", "chip_id": "AF_tr_000377", "kind": "af", "task": "af", "split": "train", "utm_zone": 37, "gsd_m": 375.0, "width": 256, "height": 256, "crs": "WGS 84 / UTM zone 37N", "source": "Мониторинг DATA · train"}, "geometry": {"type": "Polygon", "coordinates": [[[37.242714762523796, 53.70379065183828], [38.6969436903302, 53.71629594350895], [38.70298840597799, 52.85336396126462], [37.27774462005015, 52.84124311849035], [37.242714762523796, 53.70379065183828]]]}}, {"type": "Feature", "id": "AF_tr_000378", "properties": {"id": "AF_tr_000378", "chip_id": "AF_tr_000378", "kind": "af", "task": "af", "split": "train", "utm_zone": 37, "gsd_m": 375.0, "width": 256, "height": 256, "crs": "WGS 84 / UTM zone 37N", "source": "Мониторинг DATA · train"}, "geometry": {"type": "Polygon", "coordinates": [[[40.04740358058268, 49.39594446950651], [41.369581744207984, 49.37639984805247], [41.32905454692745, 48.51353904721816], [40.029473703042434, 48.53250187122371], [40.04740358058268, 49.39594446950651]]]}}, {"type": "Feature", "id": "AF_tr_000379", "properties": {"id": "AF_tr_000379", "chip_id": "AF_tr_000379", "kind": "af", "task": "af", "split": "train", "utm_zone": 38, "gsd_m": 375.0, "width": 256, "height": 256, "crs": "WGS 84 / UTM zone 38N", "source": "Мониторинг DATA · train"}, "geometry": {"type": "Polygon", "coordinates": [[[42.027673469449226, 50.226116949269624], [43.372818454529856, 50.25275138051406], [43.40151811207814, 49.389637874228825], [42.080034194236326, 49.36379953296444], [42.027673469449226, 50.226116949269624]]]}}, {"type": "Feature", "id": "AF_tr_000380", "properties": {"id": "AF_tr_000380", "chip_id": "AF_tr_000380", "kind": "af", "task": "af", "split": "train", "utm_zone": 37, "gsd_m": 375.0, "width": 256, "height": 256, "crs": "WGS 84 / UTM zone 37N", "source": "Мониторинг DATA · train"}, "geometry": {"type": "Polygon", "coordinates": [[[37.50364251782545, 45.93577269528009], [38.74196412431145, 45.945278916466506], [38.74588305338949, 45.08118054308293], [37.52635870253507, 45.07195491509202], [37.50364251782545, 45.93577269528009]]]}}, {"type": "Feature", "id": "AF_tr_000381", "properties": {"id": "AF_tr_000381", "chip_id": "AF_tr_000381", "kind": "af", "task": "af", "split": "train", "utm_zone": 37, "gsd_m": 375.0, "width": 256, "height": 256, "crs": "WGS 84 / UTM zone 37N", "source": "Мониторинг DATA · train"}, "geometry": {"type": "Polygon", "coordinates": [[[37.428873674978014, 48.52638305660792], [38.72906466171082, 48.53678604774846], [38.73356615049983, 47.67308141048665], [37.45496496820575, 47.66298709307604], [37.428873674978014, 48.52638305660792]]]}}, {"type": "Feature", "id": "AF_tr_000382", "properties": {"id": "AF_tr_000382", "chip_id": "AF_tr_000382", "kind": "af", "task": "af", "split": "train", "utm_zone": 37, "gsd_m": 375.0, "width": 256, "height": 256, "crs": "WGS 84 / UTM zone 37N", "source": "Мониторинг DATA · train"}, "geometry": {"type": "Polygon", "coordinates": [[[37.40151811207814, 49.389637874228825], [38.72434493331615, 49.40036015153286], [38.72906466171082, 48.53678604774846], [37.428873674978014, 48.52638305660792], [37.40151811207814, 49.389637874228825]]]}}, {"type": "Feature", "id": "AF_tr_000383", "properties": {"id": "AF_tr_000383", "chip_id": "AF_tr_000383", "kind": "af", "task": "af", "split": "train", "utm_zone": 37, "gsd_m": 375.0, "width": 256, "height": 256, "crs": "WGS 84 / UTM zone 37N", "source": "Мониторинг DATA · train"}, "geometry": {"type": "Polygon", "coordinates": [[[37.372818454529856, 50.25275138051406], [38.719393173472845, 50.26380427206238], [38.72434493331615, 49.40036015153286], [37.40151811207814, 49.389637874228825], [37.372818454529856, 50.25275138051406]]]}}, {"type": "Feature", "id": "AF_tr_000384", "properties": {"id": "AF_tr_000384", "chip_id": "AF_tr_000384", "kind": "af", "task": "af", "split": "train", "utm_zone": 37, "gsd_m": 375.0, "width": 256, "height": 256, "crs": "WGS 84 / UTM zone 37N", "source": "Мониторинг DATA · train"}, "geometry": {"type": "Polygon", "coordinates": [[[37.3426877374103, 51.115723462765644], [38.71419435538326, 51.12711907494891], [38.719393173472845, 50.26380427206238], [37.372818454529856, 50.25275138051406], [37.3426877374103, 51.115723462765644]]]}}, {"type": "Feature", "id": "AF_tr_000385", "properties": {"id": "AF_tr_000385", "chip_id": "AF_tr_000385", "kind": "af", "task": "af", "split": "train", "utm_zone": 37, "gsd_m": 375.0, "width": 256, "height": 256, "crs": "WGS 84 / UTM zone 37N", "source": "Мониторинг DATA · train"}, "geometry": {"type": "Polygon", "coordinates": [[[37.27774462005015, 52.84124311849035], [38.70298840597799, 52.85336396126462], [38.70873207777713, 51.99030534022883], [37.311031050337974, 51.97855405294561], [37.27774462005015, 52.84124311849035]]]}}, {"type": "Feature", "id": "AF_tr_000386", "properties": {"id": "AF_tr_000386", "chip_id": "AF_tr_000386", "kind": "af", "task": "af", "split": "train", "utm_zone": 37, "gsd_m": 375.0, "width": 256, "height": 256, "crs": "WGS 84 / UTM zone 37N", "source": "Мониторинг DATA · train"}, "geometry": {"type": "Polygon", "coordinates": [[[38.72906466171082, 48.53678604774846], [40.029473703042434, 48.53250187122371], [40.012372725710755, 47.668924367087534], [38.73356615049983, 47.67308141048665], [38.72906466171082, 48.53678604774846]]]}}, {"type": "Feature", "id": "AF_tr_000387", "properties": {"id": "AF_tr_000387", "chip_id": "AF_tr_000387", "kind": "af", "task": "af", "split": "train", "utm_zone": 37, "gsd_m": 375.0, "width": 256, "height": 256, "crs": "WGS 84 / UTM zone 37N", "source": "Мониторинг DATA · train"}, "geometry": {"type": "Polygon", "coordinates": [[[37.50364251782545, 45.93577269528009], [38.74196412431145, 45.945278916466506], [38.74588305338949, 45.08118054308293], [37.52635870253507, 45.07195491509202], [37.50364251782545, 45.93577269528009]]]}}, {"type": "Feature", "id": "AF_tr_000388", "properties": {"id": "AF_tr_000388", "chip_id": "AF_tr_000388", "kind": "af", "task": "af", "split": "train", "utm_zone": 37, "gsd_m": 375.0, "width": 256, "height": 256, "crs": "WGS 84 / UTM zone 37N", "source": "Мониторинг DATA · train"}, "geometry": {"type": "Polygon", "coordinates": [[[37.47986538598567, 46.799450208872635], [38.737862079383504, 46.809245805748745], [38.74196412431145, 45.945278916466506], [37.50364251782545, 45.93577269528009], [37.47986538598567, 46.799450208872635]]]}}, {"type": "Feature", "id": "AF_tr_000389", "properties": {"id": "AF_tr_000389", "chip_id": "AF_tr_000389", "kind": "af", "task": "af", "split": "train", "utm_zone": 37, "gsd_m": 375.0, "width": 256, "height": 256, "crs": "WGS 84 / UTM zone 37N", "source": "Мониторинг DATA · train"}, "geometry": {"type": "Polygon", "coordinates": [[[37.40151811207814, 49.389637874228825], [38.72434493331615, 49.40036015153286], [38.72906466171082, 48.53678604774846], [37.428873674978014, 48.52638305660792], [37.40151811207814, 49.389637874228825]]]}}, {"type": "Feature", "id": "AF_tr_000390", "properties": {"id": "AF_tr_000390", "chip_id": "AF_tr_000390", "kind": "af", "task": "af", "split": "train", "utm_zone": 37, "gsd_m": 375.0, "width": 256, "height": 256, "crs": "WGS 84 / UTM zone 37N", "source": "Мониторинг DATA · train"}, "geometry": {"type": "Polygon", "coordinates": [[[37.372818454529856, 50.25275138051406], [38.719393173472845, 50.26380427206238], [38.72434493331615, 49.40036015153286], [37.40151811207814, 49.389637874228825], [37.372818454529856, 50.25275138051406]]]}}, {"type": "Feature", "id": "AF_tr_000391", "properties": {"id": "AF_tr_000391", "chip_id": "AF_tr_000391", "kind": "af", "task": "af", "split": "train", "utm_zone": 37, "gsd_m": 375.0, "width": 256, "height": 256, "crs": "WGS 84 / UTM zone 37N", "source": "Мониторинг DATA · train"}, "geometry": {"type": "Polygon", "coordinates": [[[38.71419435538326, 51.12711907494891], [40.0859641778546, 51.1224260591292], [40.0662147220547, 50.25925241720276], [38.719393173472845, 50.26380427206238], [38.71419435538326, 51.12711907494891]]]}}, {"type": "Feature", "id": "AF_tr_000392", "properties": {"id": "AF_tr_000392", "chip_id": "AF_tr_000392", "kind": "af", "task": "af", "split": "train", "utm_zone": 37, "gsd_m": 375.0, "width": 256, "height": 256, "crs": "WGS 84 / UTM zone 37N", "source": "Мониторинг DATA · train"}, "geometry": {"type": "Polygon", "coordinates": [[[37.47986538598567, 46.799450208872635], [38.737862079383504, 46.809245805748745], [38.74196412431145, 45.945278916466506], [37.50364251782545, 45.93577269528009], [37.47986538598567, 46.799450208872635]]]}}, {"type": "Feature", "id": "AF_tr_000393", "properties": {"id": "AF_tr_000393", "chip_id": "AF_tr_000393", "kind": "af", "task": "af", "split": "train", "utm_zone": 37, "gsd_m": 375.0, "width": 256, "height": 256, "crs": "WGS 84 / UTM zone 37N", "source": "Мониторинг DATA · train"}, "geometry": {"type": "Polygon", "coordinates": [[[37.428873674978014, 48.52638305660792], [38.72906466171082, 48.53678604774846], [38.73356615049983, 47.67308141048665], [37.45496496820575, 47.66298709307604], [37.428873674978014, 48.52638305660792]]]}}, {"type": "Feature", "id": "AF_tr_000394", "properties": {"id": "AF_tr_000394", "chip_id": "AF_tr_000394", "kind": "af", "task": "af", "split": "train", "utm_zone": 37, "gsd_m": 375.0, "width": 256, "height": 256, "crs": "WGS 84 / UTM zone 37N", "source": "Мониторинг DATA · train"}, "geometry": {"type": "Polygon", "coordinates": [[[37.40151811207814, 49.389637874228825], [38.72434493331615, 49.40036015153286], [38.72906466171082, 48.53678604774846], [37.428873674978014, 48.52638305660792], [37.40151811207814, 49.389637874228825]]]}}, {"type": "Feature", "id": "AF_tr_000395", "properties": {"id": "AF_tr_000395", "chip_id": "AF_tr_000395", "kind": "af", "task": "af", "split": "train", "utm_zone": 37, "gsd_m": 375.0, "width": 256, "height": 256, "crs": "WGS 84 / UTM zone 37N", "source": "Мониторинг DATA · train"}, "geometry": {"type": "Polygon", "coordinates": [[[37.372818454529856, 50.25275138051406], [38.719393173472845, 50.26380427206238], [38.72434493331615, 49.40036015153286], [37.40151811207814, 49.389637874228825], [37.372818454529856, 50.25275138051406]]]}}, {"type": "Feature", "id": "AF_tr_000396", "properties": {"id": "AF_tr_000396", "chip_id": "AF_tr_000396", "kind": "af", "task": "af", "split": "train", "utm_zone": 37, "gsd_m": 375.0, "width": 256, "height": 256, "crs": "WGS 84 / UTM zone 37N", "source": "Мониторинг DATA · train"}, "geometry": {"type": "Polygon", "coordinates": [[[38.72906466171082, 48.53678604774846], [40.029473703042434, 48.53250187122371], [40.012372725710755, 47.668924367087534], [38.73356615049983, 47.67308141048665], [38.72906466171082, 48.53678604774846]]]}}, {"type": "Feature", "id": "AF_tr_000397", "properties": {"id": "AF_tr_000397", "chip_id": "AF_tr_000397", "kind": "af", "task": "af", "split": "train", "utm_zone": 37, "gsd_m": 375.0, "width": 256, "height": 256, "crs": "WGS 84 / UTM zone 37N", "source": "Мониторинг DATA · train"}, "geometry": {"type": "Polygon", "coordinates": [[[38.71419435538326, 51.12711907494891], [40.0859641778546, 51.1224260591292], [40.0662147220547, 50.25925241720276], [38.719393173472845, 50.26380427206238], [38.71419435538326, 51.12711907494891]]]}}, {"type": "Feature", "id": "AF_tr_000398", "properties": {"id": "AF_tr_000398", "chip_id": "AF_tr_000398", "kind": "af", "task": "af", "split": "train", "utm_zone": 37, "gsd_m": 375.0, "width": 256, "height": 256, "crs": "WGS 84 / UTM zone 37N", "source": "Мониторинг DATA · train"}, "geometry": {"type": "Polygon", "coordinates": [[[37.50364251782545, 45.93577269528009], [38.74196412431145, 45.945278916466506], [38.74588305338949, 45.08118054308293], [37.52635870253507, 45.07195491509202], [37.50364251782545, 45.93577269528009]]]}}, {"type": "Feature", "id": "AF_tr_000399", "properties": {"id": "AF_tr_000399", "chip_id": "AF_tr_000399", "kind": "af", "task": "af", "split": "train", "utm_zone": 37, "gsd_m": 375.0, "width": 256, "height": 256, "crs": "WGS 84 / UTM zone 37N", "source": "Мониторинг DATA · train"}, "geometry": {"type": "Polygon", "coordinates": [[[37.45496496820575, 47.66298709307604], [38.73356615049983, 47.67308141048665], [38.737862079383504, 46.809245805748745], [37.47986538598567, 46.799450208872635], [37.45496496820575, 47.66298709307604]]]}}, {"type": "Feature", "id": "AF_tr_000400", "properties": {"id": "AF_tr_000400", "chip_id": "AF_tr_000400", "kind": "af", "task": "af", "split": "train", "utm_zone": 37, "gsd_m": 375.0, "width": 256, "height": 256, "crs": "WGS 84 / UTM zone 37N", "source": "Мониторинг DATA · train"}, "geometry": {"type": "Polygon", "coordinates": [[[38.72906466171082, 48.53678604774846], [40.029473703042434, 48.53250187122371], [40.012372725710755, 47.668924367087534], [38.73356615049983, 47.67308141048665], [38.72906466171082, 48.53678604774846]]]}}, {"type": "Feature", "id": "AF_tr_000401", "properties": {"id": "AF_tr_000401", "chip_id": "AF_tr_000401", "kind": "af", "task": "af", "split": "train", "utm_zone": 38, "gsd_m": 375.0, "width": 256, "height": 256, "crs": "WGS 84 / UTM zone 38N", "source": "Мониторинг DATA · train"}, "geometry": {"type": "Polygon", "coordinates": [[[40.433911491137835, 52.76581421314698], [41.85424240713865, 52.812037550553406], [41.91495811232081, 51.95023813464002], [40.521850321640926, 51.905420512022324], [40.433911491137835, 52.76581421314698]]]}}, {"type": "Feature", "id": "AF_tr_000402", "properties": {"id": "AF_tr_000402", "chip_id": "AF_tr_000402", "kind": "af", "task": "af", "split": "train", "utm_zone": 38, "gsd_m": 375.0, "width": 256, "height": 256, "crs": "WGS 84 / UTM zone 38N", "source": "Мониторинг DATA · train"}, "geometry": {"type": "Polygon", "coordinates": [[[41.7903519726391, 53.67365966308021], [43.242714762523796, 53.70379065183828], [43.27774462005015, 52.84124311849035], [41.85424240713865, 52.812037550553406], [41.7903519726391, 53.67365966308021]]]}}, {"type": "Feature", "id": "AF_tr_000403", "properties": {"id": "AF_tr_000403", "chip_id": "AF_tr_000403", "kind": "af", "task": "af", "split": "train", "utm_zone": 37, "gsd_m": 375.0, "width": 256, "height": 256, "crs": "WGS 84 / UTM zone 37N", "source": "Мониторинг DATA · train"}, "geometry": {"type": "Polygon", "coordinates": [[[37.50364251782545, 45.93577269528009], [38.74196412431145, 45.945278916466506], [38.74588305338949, 45.08118054308293], [37.52635870253507, 45.07195491509202], [37.50364251782545, 45.93577269528009]]]}}, {"type": "Feature", "id": "AF_tr_000404", "properties": {"id": "AF_tr_000404", "chip_id": "AF_tr_000404", "kind": "af", "task": "af", "split": "train", "utm_zone": 37, "gsd_m": 375.0, "width": 256, "height": 256, "crs": "WGS 84 / UTM zone 37N", "source": "Мониторинг DATA · train"}, "geometry": {"type": "Polygon", "coordinates": [[[37.47986538598567, 46.799450208872635], [38.737862079383504, 46.809245805748745], [38.74196412431145, 45.945278916466506], [37.50364251782545, 45.93577269528009], [37.47986538598567, 46.799450208872635]]]}}, {"type": "Feature", "id": "AF_tr_000405", "properties": {"id": "AF_tr_000405", "chip_id": "AF_tr_000405", "kind": "af", "task": "af", "split": "train", "utm_zone": 37, "gsd_m": 375.0, "width": 256, "height": 256, "crs": "WGS 84 / UTM zone 37N", "source": "Мониторинг DATA · train"}, "geometry": {"type": "Polygon", "coordinates": [[[37.40151811207814, 49.389637874228825], [38.72434493331615, 49.40036015153286], [38.72906466171082, 48.53678604774846], [37.428873674978014, 48.52638305660792], [37.40151811207814, 49.389637874228825]]]}}, {"type": "Feature", "id": "AF_tr_000406", "properties": {"id": "AF_tr_000406", "chip_id": "AF_tr_000406", "kind": "af", "task": "af", "split": "train", "utm_zone": 37, "gsd_m": 375.0, "width": 256, "height": 256, "crs": "WGS 84 / UTM zone 37N", "source": "Мониторинг DATA · train"}, "geometry": {"type": "Polygon", "coordinates": [[[38.72906466171082, 48.53678604774846], [40.029473703042434, 48.53250187122371], [40.012372725710755, 47.668924367087534], [38.73356615049983, 47.67308141048665], [38.72906466171082, 48.53678604774846]]]}}, {"type": "Feature", "id": "AF_tr_000407", "properties": {"id": "AF_tr_000407", "chip_id": "AF_tr_000407", "kind": "af", "task": "af", "split": "train", "utm_zone": 38, "gsd_m": 375.0, "width": 256, "height": 256, "crs": "WGS 84 / UTM zone 38N", "source": "Мониторинг DATA · train"}, "geometry": {"type": "Polygon", "coordinates": [[[43.242714762523796, 53.70379065183828], [44.6969436903302, 53.71629594350895], [44.70298840597799, 52.85336396126462], [43.27774462005015, 52.84124311849035], [43.242714762523796, 53.70379065183828]]]}}, {"type": "Feature", "id": "AF_tr_000408", "properties": {"id": "AF_tr_000408", "chip_id": "AF_tr_000408", "kind": "af", "task": "af", "split": "train", "utm_zone": 38, "gsd_m": 375.0, "width": 256, "height": 256, "crs": "WGS 84 / UTM zone 38N", "source": "Мониторинг DATA · train"}, "geometry": {"type": "Polygon", "coordinates": [[[44.72906466171082, 48.53678604774846], [46.029473703042434, 48.53250187122371], [46.012372725710755, 47.668924367087534], [44.73356615049983, 47.67308141048665], [44.72906466171082, 48.53678604774846]]]}}, {"type": "Feature", "id": "AF_tr_000409", "properties": {"id": "AF_tr_000409", "chip_id": "AF_tr_000409", "kind": "af", "task": "af", "split": "train", "utm_zone": 37, "gsd_m": 375.0, "width": 256, "height": 256, "crs": "WGS 84 / UTM zone 37N", "source": "Мониторинг DATA · train"}, "geometry": {"type": "Polygon", "coordinates": [[[37.50364251782545, 45.93577269528009], [38.74196412431145, 45.945278916466506], [38.74588305338949, 45.08118054308293], [37.52635870253507, 45.07195491509202], [37.50364251782545, 45.93577269528009]]]}}, {"type": "Feature", "id": "AF_tr_000410", "properties": {"id": "AF_tr_000410", "chip_id": "AF_tr_000410", "kind": "af", "task": "af", "split": "train", "utm_zone": 37, "gsd_m": 375.0, "width": 256, "height": 256, "crs": "WGS 84 / UTM zone 37N", "source": "Мониторинг DATA · train"}, "geometry": {"type": "Polygon", "coordinates": [[[37.47986538598567, 46.799450208872635], [38.737862079383504, 46.809245805748745], [38.74196412431145, 45.945278916466506], [37.50364251782545, 45.93577269528009], [37.47986538598567, 46.799450208872635]]]}}, {"type": "Feature", "id": "AF_tr_000411", "properties": {"id": "AF_tr_000411", "chip_id": "AF_tr_000411", "kind": "af", "task": "af", "split": "train", "utm_zone": 37, "gsd_m": 375.0, "width": 256, "height": 256, "crs": "WGS 84 / UTM zone 37N", "source": "Мониторинг DATA · train"}, "geometry": {"type": "Polygon", "coordinates": [[[37.428873674978014, 48.52638305660792], [38.72906466171082, 48.53678604774846], [38.73356615049983, 47.67308141048665], [37.45496496820575, 47.66298709307604], [37.428873674978014, 48.52638305660792]]]}}, {"type": "Feature", "id": "AF_tr_000412", "properties": {"id": "AF_tr_000412", "chip_id": "AF_tr_000412", "kind": "af", "task": "af", "split": "train", "utm_zone": 37, "gsd_m": 375.0, "width": 256, "height": 256, "crs": "WGS 84 / UTM zone 37N", "source": "Мониторинг DATA · train"}, "geometry": {"type": "Polygon", "coordinates": [[[38.72906466171082, 48.53678604774846], [40.029473703042434, 48.53250187122371], [40.012372725710755, 47.668924367087534], [38.73356615049983, 47.67308141048665], [38.72906466171082, 48.53678604774846]]]}}, {"type": "Feature", "id": "AF_tr_000413", "properties": {"id": "AF_tr_000413", "chip_id": "AF_tr_000413", "kind": "af", "task": "af", "split": "train", "utm_zone": 37, "gsd_m": 375.0, "width": 256, "height": 256, "crs": "WGS 84 / UTM zone 37N", "source": "Мониторинг DATA · train"}, "geometry": {"type": "Polygon", "coordinates": [[[38.71419435538326, 51.12711907494891], [40.0859641778546, 51.1224260591292], [40.0662147220547, 50.25925241720276], [38.719393173472845, 50.26380427206238], [38.71419435538326, 51.12711907494891]]]}}, {"type": "Feature", "id": "AF_tr_000414", "properties": {"id": "AF_tr_000414", "chip_id": "AF_tr_000414", "kind": "af", "task": "af", "split": "train", "utm_zone": 37, "gsd_m": 375.0, "width": 256, "height": 256, "crs": "WGS 84 / UTM zone 37N", "source": "Мониторинг DATA · train"}, "geometry": {"type": "Polygon", "coordinates": [[[37.40151811207814, 49.389637874228825], [38.72434493331615, 49.40036015153286], [38.72906466171082, 48.53678604774846], [37.428873674978014, 48.52638305660792], [37.40151811207814, 49.389637874228825]]]}}, {"type": "Feature", "id": "AF_tr_000415", "properties": {"id": "AF_tr_000415", "chip_id": "AF_tr_000415", "kind": "af", "task": "af", "split": "train", "utm_zone": 37, "gsd_m": 375.0, "width": 256, "height": 256, "crs": "WGS 84 / UTM zone 37N", "source": "Мониторинг DATA · train"}, "geometry": {"type": "Polygon", "coordinates": [[[37.372818454529856, 50.25275138051406], [38.719393173472845, 50.26380427206238], [38.72434493331615, 49.40036015153286], [37.40151811207814, 49.389637874228825], [37.372818454529856, 50.25275138051406]]]}}, {"type": "Feature", "id": "AF_tr_000416", "properties": {"id": "AF_tr_000416", "chip_id": "AF_tr_000416", "kind": "af", "task": "af", "split": "train", "utm_zone": 37, "gsd_m": 375.0, "width": 256, "height": 256, "crs": "WGS 84 / UTM zone 37N", "source": "Мониторинг DATA · train"}, "geometry": {"type": "Polygon", "coordinates": [[[40.0662147220547, 50.25925241720276], [41.41209882466145, 50.239105376228665], [41.369581744207984, 49.37639984805247], [40.04740358058268, 49.39594446950651], [40.0662147220547, 50.25925241720276]]]}}, {"type": "Feature", "id": "AF_tr_000417", "properties": {"id": "AF_tr_000417", "chip_id": "AF_tr_000417", "kind": "af", "task": "af", "split": "train", "utm_zone": 37, "gsd_m": 375.0, "width": 256, "height": 256, "crs": "WGS 84 / UTM zone 37N", "source": "Мониторинг DATA · train"}, "geometry": {"type": "Polygon", "coordinates": [[[40.128532916002136, 52.84837222877786], [41.55293538309465, 52.826279394963805], [41.503628768481356, 51.96404629133559], [40.10671421422226, 51.98546582575733], [40.128532916002136, 52.84837222877786]]]}}, {"type": "Feature", "id": "AF_tr_000418", "properties": {"id": "AF_tr_000418", "chip_id": "AF_tr_000418", "kind": "af", "task": "af", "split": "train", "utm_zone": 37, "gsd_m": 375.0, "width": 256, "height": 256, "crs": "WGS 84 / UTM zone 37N", "source": "Мониторинг DATA · train"}, "geometry": {"type": "Polygon", "coordinates": [[[41.41209882466145, 50.239105376228665], [42.755866416963, 50.203405410363104], [42.68977179727024, 49.34176616241205], [41.369581744207984, 49.37639984805247], [41.41209882466145, 50.239105376228665]]]}}, {"type": "Feature", "id": "AF_tr_000419", "properties": {"id": "AF_tr_000419", "chip_id": "AF_tr_000419", "kind": "af", "task": "af", "split": "train", "utm_zone": 38, "gsd_m": 375.0, "width": 256, "height": 256, "crs": "WGS 84 / UTM zone 38N", "source": "Мониторинг DATA · train"}, "geometry": {"type": "Polygon", "coordinates": [[[40.433911491137835, 52.76581421314698], [41.85424240713865, 52.812037550553406], [41.91495811232081, 51.95023813464002], [40.521850321640926, 51.905420512022324], [40.433911491137835, 52.76581421314698]]]}}, {"type": "Feature", "id": "AF_tr_000420", "properties": {"id": "AF_tr_000420", "chip_id": "AF_tr_000420", "kind": "af", "task": "af", "split": "train", "utm_zone": 38, "gsd_m": 375.0, "width": 256, "height": 256, "crs": "WGS 84 / UTM zone 38N", "source": "Мониторинг DATA · train"}, "geometry": {"type": "Polygon", "coordinates": [[[43.242714762523796, 53.70379065183828], [44.6969436903302, 53.71629594350895], [44.70298840597799, 52.85336396126462], [43.27774462005015, 52.84124311849035], [43.242714762523796, 53.70379065183828]]]}}, {"type": "Feature", "id": "BS_tr_000001", "properties": {"id": "BS_tr_000001", "chip_id": "BS_tr_000001", "kind": "bs", "task": "bs", "split": "train", "utm_zone": 38, "gsd_m": 20.0, "width": 512, "height": 512, "crs": "WGS 84 / UTM zone 38N", "source": "Мониторинг DATA · train"}, "geometry": {"type": "Polygon", "coordinates": [[[44.88491391400374, 48.62916915652776], [45.02388581547852, 48.62922417686319], [45.023842447564384, 48.53710237524108], [44.88512286775244, 48.53704753176064], [44.88491391400374, 48.62916915652776]]]}}, {"type": "Feature", "id": "BS_tr_000002", "properties": {"id": "BS_tr_000002", "chip_id": "BS_tr_000002", "kind": "bs", "task": "bs", "split": "train", "utm_zone": 38, "gsd_m": 20.0, "width": 512, "height": 512, "crs": "WGS 84 / UTM zone 38N", "source": "Мониторинг DATA · train"}, "geometry": {"type": "Polygon", "coordinates": [[[44.6269067623215, 45.86431671644622], [44.75882772824014, 45.86467129374402], [44.759225295248555, 45.77250564337482], [44.62752178794763, 45.7721521978083], [44.6269067623215, 45.86431671644622]]]}}, {"type": "Feature", "id": "BS_tr_000003", "properties": {"id": "BS_tr_000003", "chip_id": "BS_tr_000003", "kind": "bs", "task": "bs", "split": "train", "utm_zone": 38, "gsd_m": 20.0, "width": 512, "height": 512, "crs": "WGS 84 / UTM zone 38N", "source": "Мониторинг DATA · train"}, "geometry": {"type": "Polygon", "coordinates": [[[47.115427202723, 48.7940506706058], [47.2547487250019, 48.79140827786638], [47.2506326015098, 48.69936035680986], [47.11156493919542, 48.70199425605053], [47.115427202723, 48.7940506706058]]]}}, {"type": "Feature", "id": "BS_tr_000004", "properties": {"id": "BS_tr_000004", "chip_id": "BS_tr_000004", "kind": "bs", "task": "bs", "split": "train", "utm_zone": 38, "gsd_m": 20.0, "width": 512, "height": 512, "crs": "WGS 84 / UTM zone 38N", "source": "Мониторинг DATA · train"}, "geometry": {"type": "Polygon", "coordinates": [[[46.543872380637836, 48.34249553621609], [46.68200578765035, 48.34055817925902], [46.6789830692083, 48.24847140109252], [46.541097650123845, 48.25040254046388], [46.543872380637836, 48.34249553621609]]]}}, {"type": "Feature", "id": "BS_tr_000005", "properties": {"id": "BS_tr_000005", "chip_id": "BS_tr_000005", "kind": "bs", "task": "bs", "split": "train", "utm_zone": 38, "gsd_m": 20.0, "width": 512, "height": 512, "crs": "WGS 84 / UTM zone 38N", "source": "Мониторинг DATA · train"}, "geometry": {"type": "Polygon", "coordinates": [[[44.754743439596716, 46.786245557062465], [44.888900461057474, 46.7864544105981], [44.889089586402676, 46.69430304211259], [44.75516093712112, 46.6940948560593], [44.754743439596716, 46.786245557062465]]]}}, {"type": "Feature", "id": "BS_tr_000006", "properties": {"id": "BS_tr_000006", "chip_id": "BS_tr_000006", "kind": "bs", "task": "bs", "split": "train", "utm_zone": 37, "gsd_m": 20.0, "width": 512, "height": 512, "crs": "WGS 84 / UTM zone 37N", "source": "Мониторинг DATA · train"}, "geometry": {"type": "Polygon", "coordinates": [[[41.40819697547315, 46.116041798531974], [41.54059162726816, 46.11317409822146], [41.5363684592618, 46.02110223780915], [41.40419335250323, 46.02396079119238], [41.40819697547315, 46.116041798531974]]]}}, {"type": "Feature", "id": "BS_tr_000007", "properties": {"id": "BS_tr_000007", "chip_id": "BS_tr_000007", "kind": "bs", "task": "bs", "split": "train", "utm_zone": 38, "gsd_m": 20.0, "width": 512, "height": 512, "crs": "WGS 84 / UTM zone 38N", "source": "Мониторинг DATA · train"}, "geometry": {"type": "Polygon", "coordinates": [[[42.83636159776424, 47.77968089108552], [42.972966048726775, 47.782175662746525], [42.97653805989537, 47.69009784122484], [42.840173889197644, 47.6876110579518], [42.83636159776424, 47.77968089108552]]]}}, {"type": "Feature", "id": "BS_tr_000008", "properties": {"id": "BS_tr_000008", "chip_id": "BS_tr_000008", "kind": "bs", "task": "bs", "split": "train", "utm_zone": 38, "gsd_m": 20.0, "width": 512, "height": 512, "crs": "WGS 84 / UTM zone 38N", "source": "Мониторинг DATA · train"}, "geometry": {"type": "Polygon", "coordinates": [[[43.09609415522252, 48.15283247117235], [43.23370722343866, 48.15503022694591], [43.23686080128744, 48.062944539250545], [43.099493082660636, 48.060753830932754], [43.09609415522252, 48.15283247117235]]]}}, {"type": "Feature", "id": "BS_tr_000009", "properties": {"id": "BS_tr_000009", "chip_id": "BS_tr_000009", "kind": "bs", "task": "bs", "split": "train", "utm_zone": 37, "gsd_m": 20.0, "width": 512, "height": 512, "crs": "WGS 84 / UTM zone 37N", "source": "Мониторинг DATA · train"}, "geometry": {"type": "Polygon", "coordinates": [[[40.11148191693491, 47.5182806256671], [40.247463600375795, 47.51688190396412], [40.24528535364302, 47.424763999090025], [40.10954098721389, 47.426158243559875], [40.11148191693491, 47.5182806256671]]]}}, {"type": "Feature", "id": "BS_tr_000010", "properties": {"id": "BS_tr_000010", "chip_id": "BS_tr_000010", "kind": "bs", "task": "bs", "split": "train", "utm_zone": 38, "gsd_m": 20.0, "width": 512, "height": 512, "crs": "WGS 84 / UTM zone 38N", "source": "Мониторинг DATA · train"}, "geometry": {"type": "Polygon", "coordinates": [[[44.16068690133771, 50.37623234848658], [44.304685289135755, 50.37718229433033], [44.30602792253647, 50.285095240477226], [44.162307519104125, 50.28414837658905], [44.16068690133771, 50.37623234848658]]]}}, {"type": "Feature", "id": "BS_tr_000011", "properties": {"id": "BS_tr_000011", "chip_id": "BS_tr_000011", "kind": "bs", "task": "bs", "split": "train", "utm_zone": 38, "gsd_m": 20.0, "width": 512, "height": 512, "crs": "WGS 84 / UTM zone 38N", "source": "Мониторинг DATA · train"}, "geometry": {"type": "Polygon", "coordinates": [[[42.67920737276873, 48.23730408903638], [42.81701168819387, 48.24000429898541], [42.82092053927713, 48.147943055296444], [42.683362453229165, 48.14525150449247], [42.67920737276873, 48.23730408903638]]]}}, {"type": "Feature", "id": "BS_tr_000012", "properties": {"id": "BS_tr_000012", "chip_id": "BS_tr_000012", "kind": "bs", "task": "bs", "split": "train", "utm_zone": 37, "gsd_m": 20.0, "width": 512, "height": 512, "crs": "WGS 84 / UTM zone 37N", "source": "Мониторинг DATA · train"}, "geometry": {"type": "Polygon", "coordinates": [[[40.450698082337546, 49.909702595090025], [40.593260927815436, 49.907831178078155], [40.59023535695353, 49.8157654438488], [40.44794299334772, 49.81763080843878], [40.450698082337546, 49.909702595090025]]]}}, {"type": "Feature", "id": "BS_tr_000013", "properties": {"id": "BS_tr_000013", "chip_id": "BS_tr_000013", "kind": "bs", "task": "bs", "split": "train", "utm_zone": 37, "gsd_m": 20.0, "width": 512, "height": 512, "crs": "WGS 84 / UTM zone 37N", "source": "Мониторинг DATA · train"}, "geometry": {"type": "Polygon", "coordinates": [[[40.30070566867436, 49.63516228579616], [40.44247519484959, 49.633482489073224], [40.439762297777236, 49.54140595627099], [40.298259208198225, 49.543080328437405], [40.30070566867436, 49.63516228579616]]]}}, {"type": "Feature", "id": "BS_tr_000014", "properties": {"id": "BS_tr_000014", "chip_id": "BS_tr_000014", "kind": "bs", "task": "bs", "split": "train", "utm_zone": 37, "gsd_m": 20.0, "width": 512, "height": 512, "crs": "WGS 84 / UTM zone 37N", "source": "Мониторинг DATA · train"}, "geometry": {"type": "Polygon", "coordinates": [[[40.998124838604966, 49.34887567936708], [41.13901723356193, 49.34635327337735], [41.13503533266207, 49.254307116087155], [40.99440477757499, 49.25682139193315], [40.998124838604966, 49.34887567936708]]]}}, {"type": "Feature", "id": "BS_tr_000015", "properties": {"id": "BS_tr_000015", "chip_id": "BS_tr_000015", "kind": "bs", "task": "bs", "split": "train", "utm_zone": 38, "gsd_m": 20.0, "width": 512, "height": 512, "crs": "WGS 84 / UTM zone 38N", "source": "Мониторинг DATA · train"}, "geometry": {"type": "Polygon", "coordinates": [[[46.52743088345583, 47.78991353801643], [46.66409483162679, 47.78801315746014], [46.6611615907473, 47.69591664101106], [46.524738297360145, 47.69781093458717], [46.52743088345583, 47.78991353801643]]]}}, {"type": "Feature", "id": "BS_tr_000016", "properties": {"id": "BS_tr_000016", "chip_id": "BS_tr_000016", "kind": "bs", "task": "bs", "split": "train", "utm_zone": 38, "gsd_m": 20.0, "width": 512, "height": 512, "crs": "WGS 84 / UTM zone 38N", "source": "Мониторинг DATA · train"}, "geometry": {"type": "Polygon", "coordinates": [[[45.863975194116854, 48.99446422713245], [46.003940114527914, 48.993331157427995], [46.002093960597485, 48.90122932990377], [45.862386338728655, 48.9023587520264], [45.863975194116854, 48.99446422713245]]]}}, {"type": "Feature", "id": "BS_tr_000017", "properties": {"id": "BS_tr_000017", "chip_id": "BS_tr_000017", "kind": "bs", "task": "bs", "split": "train", "utm_zone": 38, "gsd_m": 20.0, "width": 512, "height": 512, "crs": "WGS 84 / UTM zone 38N", "source": "Мониторинг DATA · train"}, "geometry": {"type": "Polygon", "coordinates": [[[44.04767835802349, 48.80953198736732], [44.18713287801598, 48.810599790249405], [44.188618125846865, 48.71849016133873], [44.04941832646089, 48.717425793069836], [44.04767835802349, 48.80953198736732]]]}}, {"type": "Feature", "id": "BS_tr_000018", "properties": {"id": "BS_tr_000018", "chip_id": "BS_tr_000018", "kind": "bs", "task": "bs", "split": "train", "utm_zone": 38, "gsd_m": 20.0, "width": 512, "height": 512, "crs": "WGS 84 / UTM zone 38N", "source": "Мониторинг DATA · train"}, "geometry": {"type": "Polygon", "coordinates": [[[46.95822560629985, 48.336186133644034], [47.09630952130222, 48.33375154329815], [47.09254345562018, 48.24168660604861], [46.954707212316464, 48.24411338502206], [46.95822560629985, 48.336186133644034]]]}}, {"type": "Feature", "id": "BS_tr_000019", "properties": {"id": "BS_tr_000019", "chip_id": "BS_tr_000019", "kind": "bs", "task": "bs", "split": "train", "utm_zone": 38, "gsd_m": 20.0, "width": 512, "height": 512, "crs": "WGS 84 / UTM zone 38N", "source": "Мониторинг DATA · train"}, "geometry": {"type": "Polygon", "coordinates": [[[42.47960035815811, 46.66659005887893], [42.61334209195261, 46.669459596886135], [42.61738721375968, 46.577386085048644], [42.483871589331905, 46.574525707493024], [42.47960035815811, 46.66659005887893]]]}}, {"type": "Feature", "id": "BS_tr_000020", "properties": {"id": "BS_tr_000020", "chip_id": "BS_tr_000020", "kind": "bs", "task": "bs", "split": "train", "utm_zone": 38, "gsd_m": 20.0, "width": 512, "height": 512, "crs": "WGS 84 / UTM zone 38N", "source": "Мониторинг DATA · train"}, "geometry": {"type": "Polygon", "coordinates": [[[43.78430580020744, 48.16217379842148], [43.92198584825224, 48.163547628610786], [43.923911321776444, 48.07143462285252], [43.78647704931777, 48.07006519958892], [43.78430580020744, 48.16217379842148]]]}}, {"type": "Feature", "id": "BS_tr_000021", "properties": {"id": "BS_tr_000021", "chip_id": "BS_tr_000021", "kind": "bs", "task": "bs", "split": "train", "utm_zone": 37, "gsd_m": 20.0, "width": 512, "height": 512, "crs": "WGS 84 / UTM zone 37N", "source": "Мониторинг DATA · train"}, "geometry": {"type": "Polygon", "coordinates": [[[40.56948593200069, 49.17126037655258], [40.70990844684482, 49.1692660393734], [40.70674487204399, 49.077193894138986], [40.56658188803296, 49.079181807439184], [40.56948593200069, 49.17126037655258]]]}}, {"type": "Feature", "id": "BS_tr_000022", "properties": {"id": "BS_tr_000022", "chip_id": "BS_tr_000022", "kind": "bs", "task": "bs", "split": "train", "utm_zone": 38, "gsd_m": 20.0, "width": 512, "height": 512, "crs": "WGS 84 / UTM zone 38N", "source": "Мониторинг DATA · train"}, "geometry": {"type": "Polygon", "coordinates": [[[44.200234098312, 47.9815586028436], [44.337448862253396, 47.982432048757865], [44.338624826737565, 47.89030598217649], [44.20165354810294, 47.88943533659632], [44.200234098312, 47.9815586028436]]]}}, {"type": "Feature", "id": "BS_tr_000023", "properties": {"id": "BS_tr_000023", "chip_id": "BS_tr_000023", "kind": "bs", "task": "bs", "split": "train", "utm_zone": 38, "gsd_m": 20.0, "width": 512, "height": 512, "crs": "WGS 84 / UTM zone 38N", "source": "Мониторинг DATA · train"}, "geometry": {"type": "Polygon", "coordinates": [[[42.444662431395344, 47.403040268173065], [42.58025359708473, 47.40598421995189], [42.584461565307194, 47.313924826648204], [42.44910558686286, 47.31099028844051], [42.444662431395344, 47.403040268173065]]]}}, {"type": "Feature", "id": "BS_tr_000024", "properties": {"id": "BS_tr_000024", "chip_id": "BS_tr_000024", "kind": "bs", "task": "bs", "split": "train", "utm_zone": 38, "gsd_m": 20.0, "width": 512, "height": 512, "crs": "WGS 84 / UTM zone 38N", "source": "Мониторинг DATA · train"}, "geometry": {"type": "Polygon", "coordinates": [[[42.88160309917138, 49.991535104399595], [43.024373391378234, 49.99405492707141], [43.02813625647252, 49.90200969364273], [42.88563741313158, 49.8994980221677], [42.88160309917138, 49.991535104399595]]]}}, {"type": "Feature", "id": "BS_tr_000025", "properties": {"id": "BS_tr_000025", "chip_id": "BS_tr_000025", "kind": "bs", "task": "bs", "split": "train", "utm_zone": 38, "gsd_m": 20.0, "width": 512, "height": 512, "crs": "WGS 84 / UTM zone 38N", "source": "Мониторинг DATA · train"}, "geometry": {"type": "Polygon", "coordinates": [[[46.16553103153015, 49.91291971772428], [46.30812098403415, 49.91139878833186], [46.30563647200145, 49.81932151555435], [46.16331718222105, 49.82083752536428], [46.16553103153015, 49.91291971772428]]]}}, {"type": "Feature", "id": "BS_tr_000026", "properties": {"id": "BS_tr_000026", "chip_id": "BS_tr_000026", "kind": "bs", "task": "bs", "split": "train", "utm_zone": 38, "gsd_m": 20.0, "width": 512, "height": 512, "crs": "WGS 84 / UTM zone 38N", "source": "Мониторинг DATA · train"}, "geometry": {"type": "Polygon", "coordinates": [[[41.985549347382424, 45.917315237444505], [42.11742627430843, 45.92072085168847], [42.122185448372534, 45.82867190282133], [41.990525467769835, 45.82527714483806], [41.985549347382424, 45.917315237444505]]]}}, {"type": "Feature", "id": "BS_tr_000027", "properties": {"id": "BS_tr_000027", "chip_id": "BS_tr_000027", "kind": "bs", "task": "bs", "split": "train", "utm_zone": 37, "gsd_m": 20.0, "width": 512, "height": 512, "crs": "WGS 84 / UTM zone 37N", "source": "Мониторинг DATA · train"}, "geometry": {"type": "Polygon", "coordinates": [[[39.15802702429475, 47.06284499171948], [39.29287536170256, 47.06257954504721], [39.29237197334482, 46.9704336726601], [39.157755407237204, 46.97069827048183], [39.15802702429475, 47.06284499171948]]]}}, {"type": "Feature", "id": "BS_tr_000028", "properties": {"id": "BS_tr_000028", "chip_id": "BS_tr_000028", "kind": "bs", "task": "bs", "split": "train", "utm_zone": 38, "gsd_m": 20.0, "width": 512, "height": 512, "crs": "WGS 84 / UTM zone 38N", "source": "Мониторинг DATA · train"}, "geometry": {"type": "Polygon", "coordinates": [[[46.15674360279342, 49.54458169020198], [46.298259208198225, 49.543080328437405], [46.295825263681856, 49.45099680918935], [46.154574815663864, 49.45249332474098], [46.15674360279342, 49.54458169020198]]]}}, {"type": "Feature", "id": "BS_tr_000029", "properties": {"id": "BS_tr_000029", "chip_id": "BS_tr_000029", "kind": "bs", "task": "bs", "split": "train", "utm_zone": 37, "gsd_m": 20.0, "width": 512, "height": 512, "crs": "WGS 84 / UTM zone 37N", "source": "Мониторинг DATA · train"}, "geometry": {"type": "Polygon", "coordinates": [[[41.41222017109337, 46.208121045013], [41.54483543839931, 46.20524416751891], [41.54059162726816, 46.11317409822146], [41.40819697547315, 46.116041798531974], [41.41222017109337, 46.208121045013]]]}}, {"type": "Feature", "id": "BS_tr_000030", "properties": {"id": "BS_tr_000030", "chip_id": "BS_tr_000030", "kind": "bs", "task": "bs", "split": "train", "utm_zone": 38, "gsd_m": 20.0, "width": 512, "height": 512, "crs": "WGS 84 / UTM zone 38N", "source": "Мониторинг DATA · train"}, "geometry": {"type": "Polygon", "coordinates": [[[42.078505767083655, 46.65704476104469], [42.212181086988025, 46.66038257455825], [42.216904145011476, 46.56833803608709], [42.083454529124126, 46.5650108742737], [42.078505767083655, 46.65704476104469]]]}}, {"type": "Feature", "id": "BS_tr_000031", "properties": {"id": "BS_tr_000031", "chip_id": "BS_tr_000031", "kind": "bs", "task": "bs", "split": "train", "utm_zone": 37, "gsd_m": 20.0, "width": 512, "height": 512, "crs": "WGS 84 / UTM zone 37N", "source": "Мониторинг DATA · train"}, "geometry": {"type": "Polygon", "coordinates": [[[39.42698606075104, 46.97001081734109], [39.56159652835614, 46.96942971366906], [39.56063441147451, 46.87728555697418], [39.42625453633766, 46.87786480282618], [39.42698606075104, 46.97001081734109]]]}}, {"type": "Feature", "id": "BS_tr_000032", "properties": {"id": "BS_tr_000032", "chip_id": "BS_tr_000032", "kind": "bs", "task": "bs", "split": "train", "utm_zone": 37, "gsd_m": 20.0, "width": 512, "height": 512, "crs": "WGS 84 / UTM zone 37N", "source": "Мониторинг DATA · train"}, "geometry": {"type": "Polygon", "coordinates": [[[40.96176174599875, 48.42825720754623], [41.10009457955558, 48.42581477783925], [41.09630952130222, 48.33375154329815], [40.95822560629985, 48.336186133644034], [40.96176174599875, 48.42825720754623]]]}}, {"type": "Feature", "id": "BS_tr_000033", "properties": {"id": "BS_tr_000033", "chip_id": "BS_tr_000033", "kind": "bs", "task": "bs", "split": "train", "utm_zone": 37, "gsd_m": 20.0, "width": 512, "height": 512, "crs": "WGS 84 / UTM zone 37N", "source": "Мониторинг DATA · train"}, "geometry": {"type": "Polygon", "coordinates": [[[38.6173109769038, 47.2466046526226], [38.75262478296805, 47.24697666603994], [38.75305271321777, 47.15483342923955], [38.617972972811, 47.15446260597713], [38.6173109769038, 47.2466046526226]]]}}, {"type": "Feature", "id": "BS_tr_000034", "properties": {"id": "BS_tr_000034", "chip_id": "BS_tr_000034", "kind": "bs", "task": "bs", "split": "train", "utm_zone": 37, "gsd_m": 20.0, "width": 512, "height": 512, "crs": "WGS 84 / UTM zone 37N", "source": "Мониторинг DATA · train"}, "geometry": {"type": "Polygon", "coordinates": [[[40.113432523171404, 47.610401460181436], [40.24965270602037, 47.60899824565234], [40.247463600375795, 47.51688190396412], [40.11148191693491, 47.5182806256671], [40.113432523171404, 47.610401460181436]]]}}, {"type": "Feature", "id": "BS_tr_000035", "properties": {"id": "BS_tr_000035", "chip_id": "BS_tr_000035", "kind": "bs", "task": "bs", "split": "train", "utm_zone": 37, "gsd_m": 20.0, "width": 512, "height": 512, "crs": "WGS 84 / UTM zone 37N", "source": "Мониторинг DATA · train"}, "geometry": {"type": "Polygon", "coordinates": [[[40.84689179534324, 49.075035865886655], [40.987021342812206, 49.07270777232167], [40.983357722122, 48.98064844153914], [40.84348617141454, 48.98296904082863], [40.84689179534324, 49.075035865886655]]]}}, {"type": "Feature", "id": "BS_tr_000036", "properties": {"id": "BS_tr_000036", "chip_id": "BS_tr_000036", "kind": "bs", "task": "bs", "split": "train", "utm_zone": 38, "gsd_m": 20.0, "width": 512, "height": 512, "crs": "WGS 84 / UTM zone 38N", "source": "Мониторинг DATA · train"}, "geometry": {"type": "Polygon", "coordinates": [[[46.01521684418517, 49.545910006499945], [46.15674360279342, 49.54458169020198], [46.154574815663864, 49.45249332474098], [46.01331328811971, 49.45381735314952], [46.01521684418517, 49.545910006499945]]]}}, {"type": "Feature", "id": "BS_tr_000037", "properties": {"id": "BS_tr_000037", "chip_id": "BS_tr_000037", "kind": "bs", "task": "bs", "split": "train", "utm_zone": 37, "gsd_m": 20.0, "width": 512, "height": 512, "crs": "WGS 84 / UTM zone 37N", "source": "Мониторинг DATA · train"}, "geometry": {"type": "Polygon", "coordinates": [[[39.862386338728655, 48.9023587520264], [40.002093960597485, 48.90122932990377], [40.00025715605654, 48.80912597211342], [39.86080553016619, 48.81025175995655], [39.862386338728655, 48.9023587520264]]]}}, {"type": "Feature", "id": "BS_tr_000038", "properties": {"id": "BS_tr_000038", "chip_id": "BS_tr_000038", "kind": "bs", "task": "bs", "split": "train", "utm_zone": 38, "gsd_m": 20.0, "width": 512, "height": 512, "crs": "WGS 84 / UTM zone 38N", "source": "Мониторинг DATA · train"}, "geometry": {"type": "Polygon", "coordinates": [[[42.39429815162143, 48.415470604252626], [42.53255501213285, 48.418520306683604], [42.537000644525214, 48.326480480448595], [42.39899221626082, 48.3234405626856], [42.39429815162143, 48.415470604252626]]]}}, {"type": "Feature", "id": "BS_tr_000039", "properties": {"id": "BS_tr_000039", "chip_id": "BS_tr_000039", "kind": "bs", "task": "bs", "split": "train", "utm_zone": 37, "gsd_m": 20.0, "width": 512, "height": 512, "crs": "WGS 84 / UTM zone 37N", "source": "Мониторинг DATA · train"}, "geometry": {"type": "Polygon", "coordinates": [[[38.88851940392001, 46.970752674167535], [39.02313750366083, 46.97080460508418], [39.02309786238543, 46.87865605272215], [38.88871040215519, 46.87860428783796], [38.88851940392001, 46.970752674167535]]]}}, {"type": "Feature", "id": "BS_tr_000040", "properties": {"id": "BS_tr_000040", "chip_id": "BS_tr_000040", "kind": "bs", "task": "bs", "split": "train", "utm_zone": 37, "gsd_m": 20.0, "width": 512, "height": 512, "crs": "WGS 84 / UTM zone 37N", "source": "Мониторинг DATA · train"}, "geometry": {"type": "Polygon", "coordinates": [[[40.359809091157665, 46.59412178063125], [40.4934480922662, 46.592454956487146], [40.49092321161337, 46.50033157390289], [40.35750996812514, 46.50199307451216], [40.359809091157665, 46.59412178063125]]]}}, {"type": "Feature", "id": "BS_tr_000041", "properties": {"id": "BS_tr_000041", "chip_id": "BS_tr_000041", "kind": "bs", "task": "bs", "split": "train", "utm_zone": 38, "gsd_m": 20.0, "width": 512, "height": 512, "crs": "WGS 84 / UTM zone 38N", "source": "Мониторинг DATA · train"}, "geometry": {"type": "Polygon", "coordinates": [[[43.656232297411684, 47.79221100376837], [43.79292592987944, 47.793730057698916], [43.79505416213147, 47.70161522850235], [43.65860137139389, 47.700101040893614], [43.656232297411684, 47.79221100376837]]]}}, {"type": "Feature", "id": "BS_tr_000042", "properties": {"id": "BS_tr_000042", "chip_id": "BS_tr_000042", "kind": "bs", "task": "bs", "split": "train", "utm_zone": 37, "gsd_m": 20.0, "width": 512, "height": 512, "crs": "WGS 84 / UTM zone 37N", "source": "Мониторинг DATA · train"}, "geometry": {"type": "Polygon", "coordinates": [[[41.50593400939135, 48.233415849229125], [41.64368734650017, 48.230328996217075], [41.63895570179701, 48.138298775500175], [41.50144826943802, 48.1413757320632], [41.50593400939135, 48.233415849229125]]]}}, {"type": "Feature", "id": "BS_tr_000043", "properties": {"id": "BS_tr_000043", "chip_id": "BS_tr_000043", "kind": "bs", "task": "bs", "split": "train", "utm_zone": 38, "gsd_m": 20.0, "width": 512, "height": 512, "crs": "WGS 84 / UTM zone 38N", "source": "Мониторинг DATA · train"}, "geometry": {"type": "Polygon", "coordinates": [[[42.03285272353748, 47.48526425888894], [42.16861001928319, 47.488699582429696], [42.1735475562132, 47.39667183733449], [42.0380261761771, 47.3932474973954], [42.03285272353748, 47.48526425888894]]]}}, {"type": "Feature", "id": "BS_tr_000044", "properties": {"id": "BS_tr_000044", "chip_id": "BS_tr_000044", "kind": "bs", "task": "bs", "split": "train", "utm_zone": 38, "gsd_m": 20.0, "width": 512, "height": 512, "crs": "WGS 84 / UTM zone 38N", "source": "Мониторинг DATA · train"}, "geometry": {"type": "Polygon", "coordinates": [[[46.2862130030566, 49.08264711014596], [46.42640415938577, 49.080999560051225], [46.42377317109805, 48.98891353432097], [46.28384041322026, 48.99055577916815], [46.2862130030566, 49.08264711014596]]]}}, {"type": "Feature", "id": "BS_tr_000045", "properties": {"id": "BS_tr_000045", "chip_id": "BS_tr_000045", "kind": "bs", "task": "bs", "split": "train", "utm_zone": 37, "gsd_m": 20.0, "width": 512, "height": 512, "crs": "WGS 84 / UTM zone 37N", "source": "Мониторинг DATA · train"}, "geometry": {"type": "Polygon", "coordinates": [[[41.147042374574056, 49.530440448911186], [41.288441802682, 49.52772897639492], [41.28415457347888, 49.435694992506264], [41.14301953581081, 49.438397717953436], [41.147042374574056, 49.530440448911186]]]}}, {"type": "Feature", "id": "BS_tr_000046", "properties": {"id": "BS_tr_000046", "chip_id": "BS_tr_000046", "kind": "bs", "task": "bs", "split": "train", "utm_zone": 37, "gsd_m": 20.0, "width": 512, "height": 512, "crs": "WGS 84 / UTM zone 37N", "source": "Мониторинг DATA · train"}, "geometry": {"type": "Polygon", "coordinates": [[[39.71611343644987, 48.44275346262273], [39.854561726367066, 48.441808613964376], [39.85302037762743, 48.349694031133005], [39.7148217460733, 48.35063584534798], [39.71611343644987, 48.44275346262273]]]}}, {"type": "Feature", "id": "BS_tr_000047", "properties": {"id": "BS_tr_000047", "chip_id": "BS_tr_000047", "kind": "bs", "task": "bs", "split": "train", "utm_zone": 38, "gsd_m": 20.0, "width": 512, "height": 512, "crs": "WGS 84 / UTM zone 38N", "source": "Мониторинг DATA · train"}, "geometry": {"type": "Polygon", "coordinates": [[[43.35357682607353, 48.70958258125516], [43.492719845184034, 48.711487293726734], [43.49546411531746, 48.619398664162325], [43.35657416424504, 48.61750007395409], [43.35357682607353, 48.70958258125516]]]}}, {"type": "Feature", "id": "BS_tr_000048", "properties": {"id": "BS_tr_000048", "chip_id": "BS_tr_000048", "kind": "bs", "task": "bs", "split": "train", "utm_zone": 37, "gsd_m": 20.0, "width": 512, "height": 512, "crs": "WGS 84 / UTM zone 37N", "source": "Мониторинг DATA · train"}, "geometry": {"type": "Polygon", "coordinates": [[[40.87477205818242, 49.811510922100965], [41.017013621915005, 49.80912186512552], [41.01319697459285, 49.71707599712447], [40.871224166349485, 49.71945733370582], [40.87477205818242, 49.811510922100965]]]}}, {"type": "Feature", "id": "BS_tr_000049", "properties": {"id": "BS_tr_000049", "chip_id": "BS_tr_000049", "kind": "bs", "task": "bs", "split": "train", "utm_zone": 37, "gsd_m": 20.0, "width": 512, "height": 512, "crs": "WGS 84 / UTM zone 37N", "source": "Мониторинг DATA · train"}, "geometry": {"type": "Polygon", "coordinates": [[[40.41338175653692, 48.6205536103604], [40.55228093017758, 48.618764909750766], [40.54946392997765, 48.52667672107914], [40.41081660943902, 48.52845967431933], [40.41338175653692, 48.6205536103604]]]}}, {"type": "Feature", "id": "BS_tr_000050", "properties": {"id": "BS_tr_000050", "chip_id": "BS_tr_000050", "kind": "bs", "task": "bs", "split": "train", "utm_zone": 38, "gsd_m": 20.0, "width": 512, "height": 512, "crs": "WGS 84 / UTM zone 38N", "source": "Мониторинг DATA · train"}, "geometry": {"type": "Polygon", "coordinates": [[[44.181115894887725, 49.17902317744765], [44.32161007463243, 49.179933955657084], [44.32286581929959, 49.08782744246038], [44.18263163900771, 49.08691959900464], [44.181115894887725, 49.17902317744765]]]}}, {"type": "Feature", "id": "BS_tr_000051", "properties": {"id": "BS_tr_000051", "chip_id": "BS_tr_000051", "kind": "bs", "task": "bs", "split": "train", "utm_zone": 37, "gsd_m": 20.0, "width": 512, "height": 512, "crs": "WGS 84 / UTM zone 37N", "source": "Мониторинг DATA · train"}, "geometry": {"type": "Polygon", "coordinates": [[[39.71871644569929, 48.626984173683766], [39.85766784502549, 48.62603322328457], [39.8561108653679, 48.53392167789439], [39.71741165557917, 48.53486957192229], [39.71871644569929, 48.626984173683766]]]}}, {"type": "Feature", "id": "BS_tr_000052", "properties": {"id": "BS_tr_000052", "chip_id": "BS_tr_000052", "kind": "bs", "task": "bs", "split": "train", "utm_zone": 37, "gsd_m": 20.0, "width": 512, "height": 512, "crs": "WGS 84 / UTM zone 37N", "source": "Мониторинг DATA · train"}, "geometry": {"type": "Polygon", "coordinates": [[[40.01905339159963, 49.730090730576116], [40.1611147113715, 49.728753790205126], [40.15892354324353, 49.636668511922316], [40.017130190253305, 49.63800113216988], [40.01905339159963, 49.730090730576116]]]}}, {"type": "Feature", "id": "BS_tr_000053", "properties": {"id": "BS_tr_000053", "chip_id": "BS_tr_000053", "kind": "bs", "task": "bs", "split": "train", "utm_zone": 37, "gsd_m": 20.0, "width": 512, "height": 512, "crs": "WGS 84 / UTM zone 37N", "source": "Мониторинг DATA · train"}, "geometry": {"type": "Polygon", "coordinates": [[[41.47935330086131, 47.68114825417774], [41.61564945115907, 47.6781202586799], [41.61105756214081, 47.58607908521728], [41.475000073236764, 47.58909739109744], [41.47935330086131, 47.68114825417774]]]}}, {"type": "Feature", "id": "BS_tr_000054", "properties": {"id": "BS_tr_000054", "chip_id": "BS_tr_000054", "kind": "bs", "task": "bs", "split": "train", "utm_zone": 38, "gsd_m": 20.0, "width": 512, "height": 512, "crs": "WGS 84 / UTM zone 38N", "source": "Мониторинг DATA · train"}, "geometry": {"type": "Polygon", "coordinates": [[[45.3109861400501, 50.102558207687935], [45.454169987046946, 50.10208642089816], [45.45330148359681, 50.009991097640444], [45.310391432043346, 50.01046135632949], [45.3109861400501, 50.102558207687935]]]}}, {"type": "Feature", "id": "BS_tr_000055", "properties": {"id": "BS_tr_000055", "chip_id": "BS_tr_000055", "kind": "bs", "task": "bs", "split": "train", "utm_zone": 38, "gsd_m": 20.0, "width": 512, "height": 512, "crs": "WGS 84 / UTM zone 38N", "source": "Мониторинг DATA · train"}, "geometry": {"type": "Polygon", "coordinates": [[[45.167159076635684, 49.91865633808749], [45.30979979093746, 49.91836303017976], [45.30921119620531, 49.82626322841636], [45.166841483434155, 49.826555587345574], [45.167159076635684, 49.91865633808749]]]}}, {"type": "Feature", "id": "BS_tr_000056", "properties": {"id": "BS_tr_000056", "chip_id": "BS_tr_000056", "kind": "bs", "task": "bs", "split": "train", "utm_zone": 38, "gsd_m": 20.0, "width": 512, "height": 512, "crs": "WGS 84 / UTM zone 38N", "source": "Мониторинг DATA · train"}, "geometry": {"type": "Polygon", "coordinates": [[[43.66330424755695, 47.51587639134535], [43.79927893823422, 47.5173808971916], [43.801375614529114, 47.42526139509407], [43.665638197141064, 47.42376170491719], [43.66330424755695, 47.51587639134535]]]}}, {"type": "Feature", "id": "BS_tr_000057", "properties": {"id": "BS_tr_000057", "chip_id": "BS_tr_000057", "kind": "bs", "task": "bs", "split": "train", "utm_zone": 38, "gsd_m": 20.0, "width": 512, "height": 512, "crs": "WGS 84 / UTM zone 38N", "source": "Мониторинг DATA · train"}, "geometry": {"type": "Polygon", "coordinates": [[[42.69977621424745, 47.77702367194569], [42.83636159776424, 47.77968089108552], [42.840173889197644, 47.6876110579518], [42.70382866597314, 47.684962346530234], [42.69977621424745, 47.77702367194569]]]}}, {"type": "Feature", "id": "BS_tr_000058", "properties": {"id": "BS_tr_000058", "chip_id": "BS_tr_000058", "kind": "bs", "task": "bs", "split": "train", "utm_zone": 37, "gsd_m": 20.0, "width": 512, "height": 512, "crs": "WGS 84 / UTM zone 37N", "source": "Мониторинг DATA · train"}, "geometry": {"type": "Polygon", "coordinates": [[[40.64386524513632, 47.14330350430906], [40.77885540507016, 47.141286264794694], [40.77579000523572, 47.04918485573818], [40.641032200943876, 47.05119564609352], [40.64386524513632, 47.14330350430906]]]}}, {"type": "Feature", "id": "BS_tr_000059", "properties": {"id": "BS_tr_000059", "chip_id": "BS_tr_000059", "kind": "bs", "task": "bs", "split": "train", "utm_zone": 37, "gsd_m": 20.0, "width": 512, "height": 512, "crs": "WGS 84 / UTM zone 37N", "source": "Мониторинг DATA · train"}, "geometry": {"type": "Polygon", "coordinates": [[[39.43683367549909, 48.167772755961316], [39.574548313199095, 48.16716690713825], [39.5735219222104, 48.07504229046207], [39.43605328021079, 48.07564619551791], [39.43683367549909, 48.167772755961316]]]}}, {"type": "Feature", "id": "BS_tr_000060", "properties": {"id": "BS_tr_000060", "chip_id": "BS_tr_000060", "kind": "bs", "task": "bs", "split": "train", "utm_zone": 38, "gsd_m": 20.0, "width": 512, "height": 512, "crs": "WGS 84 / UTM zone 38N", "source": "Мониторинг DATA · train"}, "geometry": {"type": "Polygon", "coordinates": [[[45.59394015070886, 49.82515393882298], [45.736296606664034, 49.824337034311746], [45.73490237105756, 49.732241984572575], [45.59281543513156, 49.73305624764204], [45.59394015070886, 49.82515393882298]]]}}, {"type": "Feature", "id": "BS_tr_000061", "properties": {"id": "BS_tr_000061", "chip_id": "BS_tr_000061", "kind": "bs", "task": "bs", "split": "train", "utm_zone": 38, "gsd_m": 20.0, "width": 512, "height": 512, "crs": "WGS 84 / UTM zone 38N", "source": "Мониторинг DATA · train"}, "geometry": {"type": "Polygon", "coordinates": [[[43.90421293905466, 48.992495323424116], [44.04417183164815, 48.99373979884642], [44.045929545681545, 48.90163665584132], [43.90622791240234, 48.900396186514165], [43.90421293905466, 48.992495323424116]]]}}, {"type": "Feature", "id": "BS_tr_000062", "properties": {"id": "BS_tr_000062", "chip_id": "BS_tr_000062", "kind": "bs", "task": "bs", "split": "train", "utm_zone": 38, "gsd_m": 20.0, "width": 512, "height": 512, "crs": "WGS 84 / UTM zone 38N", "source": "Мониторинг DATA · train"}, "geometry": {"type": "Polygon", "coordinates": [[[43.306734772335, 50.0906259009425], [43.44983253434416, 50.09262520586697], [43.452795581246505, 50.000560520850875], [43.309971037307655, 49.998567688737865], [43.306734772335, 50.0906259009425]]]}}, {"type": "Feature", "id": "BS_tr_000063", "properties": {"id": "BS_tr_000063", "chip_id": "BS_tr_000063", "kind": "bs", "task": "bs", "split": "train", "utm_zone": 37, "gsd_m": 20.0, "width": 512, "height": 512, "crs": "WGS 84 / UTM zone 37N", "source": "Мониторинг DATA · train"}, "geometry": {"type": "Polygon", "coordinates": [[[40.983357722122, 48.98064844153914], [41.123210704722744, 48.97815837698034], [41.11930908189657, 48.886105377885336], [40.979712669777385, 48.88858743103979], [40.983357722122, 48.98064844153914]]]}}, {"type": "Feature", "id": "BS_tr_000064", "properties": {"id": "BS_tr_000064", "chip_id": "BS_tr_000064", "kind": "bs", "task": "bs", "split": "train", "utm_zone": 37, "gsd_m": 20.0, "width": 512, "height": 512, "crs": "WGS 84 / UTM zone 37N", "source": "Мониторинг DATA · train"}, "geometry": {"type": "Polygon", "coordinates": [[[40.88157297446589, 46.218090731919915], [41.014260535002556, 46.21582909229201], [41.01089987263174, 46.12372525260096], [40.878433363794265, 46.12597967497053], [40.88157297446589, 46.218090731919915]]]}}, {"type": "Feature", "id": "BS_tr_000065", "properties": {"id": "BS_tr_000065", "chip_id": "BS_tr_000065", "kind": "bs", "task": "bs", "split": "train", "utm_zone": 37, "gsd_m": 20.0, "width": 512, "height": 512, "crs": "WGS 84 / UTM zone 37N", "source": "Мониторинг DATA · train"}, "geometry": {"type": "Polygon", "coordinates": [[[41.24246252155339, 48.5152593045733], [41.38100579032719, 48.512475652600656], [41.37670164880245, 48.42043145973256], [41.23840829840069, 48.42320617563915], [41.24246252155339, 48.5152593045733]]]}}, {"type": "Feature", "id": "BS_tr_000066", "properties": {"id": "BS_tr_000066", "chip_id": "BS_tr_000066", "kind": "bs", "task": "bs", "split": "train", "utm_zone": 38, "gsd_m": 20.0, "width": 512, "height": 512, "crs": "WGS 84 / UTM zone 38N", "source": "Мониторинг DATA · train"}, "geometry": {"type": "Polygon", "coordinates": [[[43.874893338132004, 50.28172170099468], [44.018595511231936, 50.2830238544597], [44.020484221345164, 50.19094202393116], [43.87705846993292, 50.18964409221726], [43.874893338132004, 50.28172170099468]]]}}, {"type": "Feature", "id": "BS_tr_000067", "properties": {"id": "BS_tr_000067", "chip_id": "BS_tr_000067", "kind": "bs", "task": "bs", "split": "train", "utm_zone": 37, "gsd_m": 20.0, "width": 512, "height": 512, "crs": "WGS 84 / UTM zone 37N", "source": "Мониторинг DATA · train"}, "geometry": {"type": "Polygon", "coordinates": [[[40.72597096659127, 49.6296023452579], [40.867694472960515, 49.62740208901348], [40.86418285728068, 49.53534518850627], [40.72272548286686, 49.53753834116074], [40.72597096659127, 49.6296023452579]]]}}, {"type": "Feature", "id": "BS_tr_000068", "properties": {"id": "BS_tr_000068", "chip_id": "BS_tr_000068", "kind": "bs", "task": "bs", "split": "train", "utm_zone": 38, "gsd_m": 20.0, "width": 512, "height": 512, "crs": "WGS 84 / UTM zone 38N", "source": "Мониторинг DATA · train"}, "geometry": {"type": "Polygon", "coordinates": [[[43.56241618856189, 51.10712076723901], [43.70864657744939, 51.108827386632726], [43.71120564034464, 51.016768544013], [43.56526480463225, 51.01506748858702], [43.56241618856189, 51.10712076723901]]]}}, {"type": "Feature", "id": "BS_tr_000069", "properties": {"id": "BS_tr_000069", "chip_id": "BS_tr_000069", "kind": "bs", "task": "bs", "split": "train", "utm_zone": 37, "gsd_m": 20.0, "width": 512, "height": 512, "crs": "WGS 84 / UTM zone 37N", "source": "Мониторинг DATA · train"}, "geometry": {"type": "Polygon", "coordinates": [[[40.16331718222105, 49.82083752536428], [40.30563647200145, 49.81932151555435], [40.303164728541624, 49.727242681440366], [40.1611147113715, 49.728753790205126], [40.16331718222105, 49.82083752536428]]]}}, {"type": "Feature", "id": "BS_tr_000070", "properties": {"id": "BS_tr_000070", "chip_id": "BS_tr_000070", "kind": "bs", "task": "bs", "split": "train", "utm_zone": 38, "gsd_m": 20.0, "width": 512, "height": 512, "crs": "WGS 84 / UTM zone 38N", "source": "Мониторинг DATA · train"}, "geometry": {"type": "Polygon", "coordinates": [[[42.822863086884894, 51.27987454880367], [42.96958540999385, 51.28251184643799], [42.973633544377506, 51.19049014437465], [42.82720320584556, 51.187861452789214], [42.822863086884894, 51.27987454880367]]]}}, {"type": "Feature", "id": "BS_tr_000071", "properties": {"id": "BS_tr_000071", "chip_id": "BS_tr_000071", "kind": "bs", "task": "bs", "split": "train", "utm_zone": 37, "gsd_m": 20.0, "width": 512, "height": 512, "crs": "WGS 84 / UTM zone 37N", "source": "Мониторинг DATA · train"}, "geometry": {"type": "Polygon", "coordinates": [[[40.649573561835254, 47.32751436365284], [40.785031891941586, 47.325484159217794], [40.78193600235385, 47.2333860328288], [40.64671233620414, 47.23540974365331], [40.649573561835254, 47.32751436365284]]]}}, {"type": "Feature", "id": "BS_tr_000072", "properties": {"id": "BS_tr_000072", "chip_id": "BS_tr_000072", "kind": "bs", "task": "bs", "split": "train", "utm_zone": 38, "gsd_m": 20.0, "width": 512, "height": 512, "crs": "WGS 84 / UTM zone 38N", "source": "Мониторинг DATA · train"}, "geometry": {"type": "Polygon", "coordinates": [[[42.93624413534607, 48.70286091149045], [43.07533768995353, 48.70526934109292], [43.078840861462645, 48.61320069602018], [42.94000005565482, 48.61080000579271], [42.93624413534607, 48.70286091149045]]]}}, {"type": "Feature", "id": "BS_tr_000073", "properties": {"id": "BS_tr_000073", "chip_id": "BS_tr_000073", "kind": "bs", "task": "bs", "split": "train", "utm_zone": 38, "gsd_m": 20.0, "width": 512, "height": 512, "crs": "WGS 84 / UTM zone 38N", "source": "Мониторинг DATA · train"}, "geometry": {"type": "Polygon", "coordinates": [[[43.579285760682545, 50.554777502070465], [43.72380139089438, 50.55645106279328], [43.7262812627934, 50.46438291051746], [43.58204623324511, 50.46271478479654], [43.579285760682545, 50.554777502070465]]]}}, {"type": "Feature", "id": "BS_tr_000074", "properties": {"id": "BS_tr_000074", "chip_id": "BS_tr_000074", "kind": "bs", "task": "bs", "split": "train", "utm_zone": 38, "gsd_m": 20.0, "width": 512, "height": 512, "crs": "WGS 84 / UTM zone 38N", "source": "Мониторинг DATA · train"}, "geometry": {"type": "Polygon", "coordinates": [[[42.43570968970954, 47.58713481381957], [42.57177473709401, 47.59009769077532], [42.57602469817685, 47.49804184181864], [42.44019717860594, 47.49508844386396], [42.43570968970954, 47.58713481381957]]]}}, {"type": "Feature", "id": "BS_tr_000075", "properties": {"id": "BS_tr_000075", "chip_id": "BS_tr_000075", "kind": "bs", "task": "bs", "split": "train", "utm_zone": 37, "gsd_m": 20.0, "width": 512, "height": 512, "crs": "WGS 84 / UTM zone 37N", "source": "Мониторинг DATA · train"}, "geometry": {"type": "Polygon", "coordinates": [[[41.24653724500756, 48.60731069867116], [41.385331692813594, 48.60451807842029], [41.38100579032719, 48.512475652600656], [41.24246252155339, 48.5152593045733], [41.24653724500756, 48.60731069867116]]]}}, {"type": "Feature", "id": "BS_tr_000076", "properties": {"id": "BS_tr_000076", "chip_id": "BS_tr_000076", "kind": "bs", "task": "bs", "split": "train", "utm_zone": 38, "gsd_m": 20.0, "width": 512, "height": 512, "crs": "WGS 84 / UTM zone 38N", "source": "Мониторинг DATA · train"}, "geometry": {"type": "Polygon", "coordinates": [[[47.02084997485343, 49.90116604717995], [47.16334184179837, 49.89859421847463], [47.1592354802983, 49.806558351032756], [47.017013621915005, 49.80912186512552], [47.02084997485343, 49.90116604717995]]]}}, {"type": "Feature", "id": "BS_tr_000077", "properties": {"id": "BS_tr_000077", "chip_id": "BS_tr_000077", "kind": "bs", "task": "bs", "split": "train", "utm_zone": 38, "gsd_m": 20.0, "width": 512, "height": 512, "crs": "WGS 84 / UTM zone 38N", "source": "Мониторинг DATA · train"}, "geometry": {"type": "Polygon", "coordinates": [[[43.53907659587288, 51.843490408908835], [43.687679336845406, 51.845242347424495], [43.690349245864425, 51.75319589661987], [43.54204858831508, 51.75144970303925], [43.53907659587288, 51.843490408908835]]]}}, {"type": "Feature", "id": "BS_tr_000078", "properties": {"id": "BS_tr_000078", "chip_id": "BS_tr_000078", "kind": "bs", "task": "bs", "split": "train", "utm_zone": 37, "gsd_m": 20.0, "width": 512, "height": 512, "crs": "WGS 84 / UTM zone 37N", "source": "Мониторинг DATA · train"}, "geometry": {"type": "Polygon", "coordinates": [[[41.82736022897347, 49.05517111001563], [41.96733141922804, 49.051654276205085], [41.96186570848661, 48.959662686319405], [41.822151483714045, 48.963168208460765], [41.82736022897347, 49.05517111001563]]]}}, {"type": "Feature", "id": "BS_tr_000079", "properties": {"id": "BS_tr_000079", "chip_id": "BS_tr_000079", "kind": "bs", "task": "bs", "split": "train", "utm_zone": 38, "gsd_m": 20.0, "width": 512, "height": 512, "crs": "WGS 84 / UTM zone 38N", "source": "Мониторинг DATA · train"}, "geometry": {"type": "Polygon", "coordinates": [[[44.595049023584714, 50.10226851286054], [44.738234092271895, 50.10267960473624], [44.738734677828134, 50.01058236017222], [44.595823412781925, 50.01017259981694], [44.595049023584714, 50.10226851286054]]]}}, {"type": "Feature", "id": "BS_tr_000080", "properties": {"id": "BS_tr_000080", "chip_id": "BS_tr_000080", "kind": "bs", "task": "bs", "split": "train", "utm_zone": 38, "gsd_m": 20.0, "width": 512, "height": 512, "crs": "WGS 84 / UTM zone 38N", "source": "Мониторинг DATA · train"}, "geometry": {"type": "Polygon", "coordinates": [[[42.2104418476985, 49.240348557729675], [42.350966730961915, 49.24365873948089], [42.35587965750206, 49.1516451667896], [42.21561459211823, 49.14834564352135], [42.2104418476985, 49.240348557729675]]]}}, {"type": "Feature", "id": "BS_tr_000081", "properties": {"id": "BS_tr_000081", "chip_id": "BS_tr_000081", "kind": "bs", "task": "bs", "split": "train", "utm_zone": 38, "gsd_m": 20.0, "width": 512, "height": 512, "crs": "WGS 84 / UTM zone 38N", "source": "Мониторинг DATA · train"}, "geometry": {"type": "Polygon", "coordinates": [[[42.46230383918263, 47.0348295418886], [42.59696118369649, 47.03773603283424], [42.601086721409054, 46.945669568498666], [42.46665996929923, 46.942772362873185], [42.46230383918263, 47.0348295418886]]]}}, {"type": "Feature", "id": "BS_tr_000082", "properties": {"id": "BS_tr_000082", "chip_id": "BS_tr_000082", "kind": "bs", "task": "bs", "split": "train", "utm_zone": 38, "gsd_m": 20.0, "width": 512, "height": 512, "crs": "WGS 84 / UTM zone 38N", "source": "Мониторинг DATA · train"}, "geometry": {"type": "Polygon", "coordinates": [[[45.298049033195674, 47.98395617934872], [45.43527678823914, 47.983518141129984], [45.43450417480136, 47.89138859232289], [45.29751998733807, 47.89182522606388], [45.298049033195674, 47.98395617934872]]]}}, {"type": "Feature", "id": "BS_tr_000083", "properties": {"id": "BS_tr_000083", "chip_id": "BS_tr_000083", "kind": "bs", "task": "bs", "split": "train", "utm_zone": 37, "gsd_m": 20.0, "width": 512, "height": 512, "crs": "WGS 84 / UTM zone 37N", "source": "Мониторинг DATA · train"}, "geometry": {"type": "Polygon", "coordinates": [[[40.87833827031012, 49.903562853719976], [41.02084997485343, 49.90116604717995], [41.017013621915005, 49.80912186512552], [40.87477205818242, 49.811510922100965], [40.87833827031012, 49.903562853719976]]]}}, {"type": "Feature", "id": "BS_tr_000084", "properties": {"id": "BS_tr_000084", "chip_id": "BS_tr_000084", "kind": "bs", "task": "bs", "split": "train", "utm_zone": 38, "gsd_m": 20.0, "width": 512, "height": 512, "crs": "WGS 84 / UTM zone 38N", "source": "Мониторинг DATA · train"}, "geometry": {"type": "Polygon", "coordinates": [[[42.30559974772219, 50.0716979339183], [42.448550299801475, 50.07493001221542], [42.45342317871048, 49.98292259733788], [42.31074485855316, 49.97970097507038], [42.30559974772219, 50.0716979339183]]]}}, {"type": "Feature", "id": "BS_tr_000085", "properties": {"id": "BS_tr_000085", "chip_id": "BS_tr_000085", "kind": "bs", "task": "bs", "split": "train", "utm_zone": 38, "gsd_m": 20.0, "width": 512, "height": 512, "crs": "WGS 84 / UTM zone 38N", "source": "Мониторинг DATA · train"}, "geometry": {"type": "Polygon", "coordinates": [[[45.160533160842746, 47.892098445722006], [45.29751998733807, 47.89182522606388], [45.29699358053717, 47.79969278284164], [45.16024912338238, 47.799965126740716], [45.160533160842746, 47.892098445722006]]]}}, {"type": "Feature", "id": "BS_tr_000086", "properties": {"id": "BS_tr_000086", "chip_id": "BS_tr_000086", "kind": "bs", "task": "bs", "split": "train", "utm_zone": 38, "gsd_m": 20.0, "width": 512, "height": 512, "crs": "WGS 84 / UTM zone 38N", "source": "Мониторинг DATA · train"}, "geometry": {"type": "Polygon", "coordinates": [[[44.74071137675568, 49.64217864067265], [44.88254396576658, 49.64240939013438], [44.88276496058577, 49.55030402549598], [44.7411992258708, 49.55007402143386], [44.74071137675568, 49.64217864067265]]]}}, {"type": "Feature", "id": "BS_tr_000087", "properties": {"id": "BS_tr_000087", "chip_id": "BS_tr_000087", "kind": "bs", "task": "bs", "split": "train", "utm_zone": 38, "gsd_m": 20.0, "width": 512, "height": 512, "crs": "WGS 84 / UTM zone 38N", "source": "Мониторинг DATA · train"}, "geometry": {"type": "Polygon", "coordinates": [[[46.298259208198225, 49.543080328437405], [46.439762297777236, 49.54140595627099], [46.43706327854249, 49.449327841344186], [46.295825263681856, 49.45099680918935], [46.298259208198225, 49.543080328437405]]]}}, {"type": "Feature", "id": "BS_tr_000088", "properties": {"id": "BS_tr_000088", "chip_id": "BS_tr_000088", "kind": "bs", "task": "bs", "split": "train", "utm_zone": 38, "gsd_m": 20.0, "width": 512, "height": 512, "crs": "WGS 84 / UTM zone 38N", "source": "Мониторинг DATA · train"}, "geometry": {"type": "Polygon", "coordinates": [[[44.33268559503843, 48.350921251510734], [44.47089265371477, 48.35163997243063], [44.47184399917597, 48.25951762299457], [44.33388539933913, 48.25880120955013], [44.33268559503843, 48.350921251510734]]]}}, {"type": "Feature", "id": "BS_tr_000089", "properties": {"id": "BS_tr_000089", "chip_id": "BS_tr_000089", "kind": "bs", "task": "bs", "split": "train", "utm_zone": 38, "gsd_m": 20.0, "width": 512, "height": 512, "crs": "WGS 84 / UTM zone 38N", "source": "Мониторинг DATA · train"}, "geometry": {"type": "Polygon", "coordinates": [[[43.211182217038385, 48.799584118369424], [43.35056428092664, 48.80166347075173], [43.35357682607353, 48.70958258125516], [43.21444901376889, 48.707509914663824], [43.211182217038385, 48.799584118369424]]]}}, {"type": "Feature", "id": "BS_tr_000090", "properties": {"id": "BS_tr_000090", "chip_id": "BS_tr_000090", "kind": "bs", "task": "bs", "split": "train", "utm_zone": 38, "gsd_m": 20.0, "width": 512, "height": 512, "crs": "WGS 84 / UTM zone 38N", "source": "Мониторинг DATA · train"}, "geometry": {"type": "Polygon", "coordinates": [[[44.60261636647762, 49.18124276396075], [44.743125819493535, 49.18164076382502], [44.74360134857297, 49.089528750580016], [44.60335199492831, 49.08913203327104], [44.60261636647762, 49.18124276396075]]]}}, {"type": "Feature", "id": "BS_tr_000091", "properties": {"id": "BS_tr_000091", "chip_id": "BS_tr_000091", "kind": "bs", "task": "bs", "split": "train", "utm_zone": 37, "gsd_m": 20.0, "width": 512, "height": 512, "crs": "WGS 84 / UTM zone 37N", "source": "Мониторинг DATA · train"}, "geometry": {"type": "Polygon", "coordinates": [[[41.742285824443066, 47.490866754435], [41.87805938268952, 47.48753679755059], [41.87304073207306, 47.39551277033315], [41.7375031909779, 47.39883207960879], [41.742285824443066, 47.490866754435]]]}}, {"type": "Feature", "id": "BS_tr_000092", "properties": {"id": "BS_tr_000092", "chip_id": "BS_tr_000092", "kind": "bs", "task": "bs", "split": "train", "utm_zone": 37, "gsd_m": 20.0, "width": 512, "height": 512, "crs": "WGS 84 / UTM zone 37N", "source": "Мониторинг DATA · train"}, "geometry": {"type": "Polygon", "coordinates": [[[41.06670273169558, 47.59718444698889], [41.202821475432046, 47.59465013300648], [41.19896520801309, 47.50257971755188], [41.06308432819498, 47.50510592137539], [41.06670273169558, 47.59718444698889]]]}}, {"type": "Feature", "id": "BS_tr_000093", "properties": {"id": "BS_tr_000093", "chip_id": "BS_tr_000093", "kind": "bs", "task": "bs", "split": "train", "utm_zone": 38, "gsd_m": 20.0, "width": 512, "height": 512, "crs": "WGS 84 / UTM zone 38N", "source": "Мониторинг DATA · train"}, "geometry": {"type": "Polygon", "coordinates": [[[42.972966048726775, 47.782175662746525], [43.10958836758497, 47.78450793177186], [43.112919986040914, 47.69242264151734], [42.97653805989537, 47.69009784122484], [42.972966048726775, 47.782175662746525]]]}}, {"type": "Feature", "id": "BS_tr_000094", "properties": {"id": "BS_tr_000094", "chip_id": "BS_tr_000094", "kind": "bs", "task": "bs", "split": "train", "utm_zone": 38, "gsd_m": 20.0, "width": 512, "height": 512, "crs": "WGS 84 / UTM zone 38N", "source": "Мониторинг DATA · train"}, "geometry": {"type": "Polygon", "coordinates": [[[46.55795784120441, 48.80293647853605], [46.69735009512101, 48.80096769615112], [46.69425013939933, 48.70888904385625], [46.5551122030065, 48.71085149563633], [46.55795784120441, 48.80293647853605]]]}}, {"type": "Feature", "id": "BS_tr_000095", "properties": {"id": "BS_tr_000095", "chip_id": "BS_tr_000095", "kind": "bs", "task": "bs", "split": "train", "utm_zone": 38, "gsd_m": 20.0, "width": 512, "height": 512, "crs": "WGS 84 / UTM zone 38N", "source": "Мониторинг DATA · train"}, "geometry": {"type": "Polygon", "coordinates": [[[47.08879626120002, 48.14961996700988], [47.22636732093874, 48.14703639104839], [47.22239379497401, 48.05497633400015], [47.08506781780612, 48.05755162710347], [47.08879626120002, 48.14961996700988]]]}}, {"type": "Feature", "id": "BS_tr_000096", "properties": {"id": "BS_tr_000096", "chip_id": "BS_tr_000096", "kind": "bs", "task": "bs", "split": "train", "utm_zone": 38, "gsd_m": 20.0, "width": 512, "height": 512, "crs": "WGS 84 / UTM zone 38N", "source": "Мониторинг DATA · train"}, "geometry": {"type": "Polygon", "coordinates": [[[44.48818081183257, 46.6010588887008], [44.621877024641705, 46.60157889419121], [44.62251656423958, 46.50942636743164], [44.4890464581171, 46.508908023231896], [44.48818081183257, 46.6010588887008]]]}}, {"type": "Feature", "id": "BS_tr_000097", "properties": {"id": "BS_tr_000097", "chip_id": "BS_tr_000097", "kind": "bs", "task": "bs", "split": "train", "utm_zone": 38, "gsd_m": 20.0, "width": 512, "height": 512, "crs": "WGS 84 / UTM zone 38N", "source": "Мониторинг DATA · train"}, "geometry": {"type": "Polygon", "coordinates": [[[43.61408039089839, 49.35783938750547], [43.75505908130545, 49.3594438859393], [43.757378029587564, 49.267355526391306], [43.61666174590783, 49.265756201827685], [43.61408039089839, 49.35783938750547]]]}}, {"type": "Feature", "id": "BS_tr_000098", "properties": {"id": "BS_tr_000098", "chip_id": "BS_tr_000098", "kind": "bs", "task": "bs", "split": "train", "utm_zone": 37, "gsd_m": 20.0, "width": 512, "height": 512, "crs": "WGS 84 / UTM zone 37N", "source": "Мониторинг DATA · train"}, "geometry": {"type": "Polygon", "coordinates": [[[39.56946736940109, 47.706528811266885], [39.70595924845709, 47.70577026729448], [39.70471831180529, 47.61364057213611], [39.56846632316429, 47.61439668631422], [39.56946736940109, 47.706528811266885]]]}}, {"type": "Feature", "id": "BS_tr_000099", "properties": {"id": "BS_tr_000099", "chip_id": "BS_tr_000099", "kind": "bs", "task": "bs", "split": "train", "utm_zone": 38, "gsd_m": 20.0, "width": 512, "height": 512, "crs": "WGS 84 / UTM zone 38N", "source": "Мониторинг DATA · train"}, "geometry": {"type": "Polygon", "coordinates": [[[42.240175653394196, 46.10808755683533], [42.3725355343475, 46.111208921194745], [42.37690271169612, 46.01914332844299], [42.24476216662607, 46.01603191833506], [42.240175653394196, 46.10808755683533]]]}}, {"type": "Feature", "id": "BS_tr_000100", "properties": {"id": "BS_tr_000100", "chip_id": "BS_tr_000100", "kind": "bs", "task": "bs", "split": "train", "utm_zone": 38, "gsd_m": 20.0, "width": 512, "height": 512, "crs": "WGS 84 / UTM zone 38N", "source": "Мониторинг DATA · train"}, "geometry": {"type": "Polygon", "coordinates": [[[43.933395473747936, 47.61084646218641], [44.06962846641448, 47.61203233526856], [44.0712584942963, 47.519906278702315], [43.93526408133865, 47.51872420281041], [43.933395473747936, 47.61084646218641]]]}}, {"type": "Feature", "id": "BS_tr_000101", "properties": {"id": "BS_tr_000101", "chip_id": "BS_tr_000101", "kind": "bs", "task": "bs", "split": "train", "utm_zone": 38, "gsd_m": 20.0, "width": 512, "height": 512, "crs": "WGS 84 / UTM zone 38N", "source": "Мониторинг DATA · train"}, "geometry": {"type": "Polygon", "coordinates": [[[42.59281522995494, 47.12980073161814], [42.72772484765857, 47.132557806167945], [42.73163894392914, 47.040484296603324], [42.59696118369649, 47.03773603283424], [42.59281522995494, 47.12980073161814]]]}}, {"type": "Feature", "id": "BS_tr_000102", "properties": {"id": "BS_tr_000102", "chip_id": "BS_tr_000102", "kind": "bs", "task": "bs", "split": "train", "utm_zone": 37, "gsd_m": 20.0, "width": 512, "height": 512, "crs": "WGS 84 / UTM zone 37N", "source": "Мониторинг DATA · train"}, "geometry": {"type": "Polygon", "coordinates": [[[39.572500664785174, 47.98291617295746], [39.70971944040795, 47.982150288236674], [39.708459773242225, 47.89002512501124], [39.57148450833119, 47.89078855419663], [39.572500664785174, 47.98291617295746]]]}}, {"type": "Feature", "id": "BS_tr_000103", "properties": {"id": "BS_tr_000103", "chip_id": "BS_tr_000103", "kind": "bs", "task": "bs", "split": "train", "utm_zone": 38, "gsd_m": 20.0, "width": 512, "height": 512, "crs": "WGS 84 / UTM zone 38N", "source": "Мониторинг DATA · train"}, "geometry": {"type": "Polygon", "coordinates": [[[43.04761354199166, 45.75607530723473], [43.179211767683555, 45.758249024296326], [43.18220170141234, 45.66612736736715], [43.05081925185647, 45.66396058409753], [43.04761354199166, 45.75607530723473]]]}}, {"type": "Feature", "id": "BS_tr_000104", "properties": {"id": "BS_tr_000104", "chip_id": "BS_tr_000104", "kind": "bs", "task": "bs", "split": "train", "utm_zone": 37, "gsd_m": 20.0, "width": 512, "height": 512, "crs": "WGS 84 / UTM zone 37N", "source": "Мониторинг DATA · train"}, "geometry": {"type": "Polygon", "coordinates": [[[41.19896520801309, 47.50257971755188], [41.33482697274958, 47.49989263828105], [41.33075325298791, 47.40782909627315], [41.19512805593525, 47.41050757965012], [41.19896520801309, 47.50257971755188]]]}}, {"type": "Feature", "id": "BS_tr_000105", "properties": {"id": "BS_tr_000105", "chip_id": "BS_tr_000105", "kind": "bs", "task": "bs", "split": "train", "utm_zone": 37, "gsd_m": 20.0, "width": 512, "height": 512, "crs": "WGS 84 / UTM zone 37N", "source": "Мониторинг DATA · train"}, "geometry": {"type": "Polygon", "coordinates": [[[40.247463600375795, 47.51688190396412], [40.383434425009455, 47.51532199299077], [40.38101892915861, 47.42320908102927], [40.24528535364302, 47.424763999090025], [40.247463600375795, 47.51688190396412]]]}}, {"type": "Feature", "id": "BS_tr_000106", "properties": {"id": "BS_tr_000106", "chip_id": "BS_tr_000106", "kind": "bs", "task": "bs", "split": "train", "utm_zone": 38, "gsd_m": 20.0, "width": 512, "height": 512, "crs": "WGS 84 / UTM zone 38N", "source": "Мониторинг DATA · train"}, "geometry": {"type": "Polygon", "coordinates": [[[46.41081660943902, 48.52845967431933], [46.54946392997765, 48.52667672107914], [46.546661110495144, 48.43458692982906], [46.40826437639293, 48.436364156373145], [46.41081660943902, 48.52845967431933]]]}}, {"type": "Feature", "id": "BS_tr_000107", "properties": {"id": "BS_tr_000107", "chip_id": "BS_tr_000107", "kind": "bs", "task": "bs", "split": "train", "utm_zone": 38, "gsd_m": 20.0, "width": 512, "height": 512, "crs": "WGS 84 / UTM zone 38N", "source": "Мониторинг DATA · train"}, "geometry": {"type": "Polygon", "coordinates": [[[44.74168457827649, 49.45796792488054], [44.882984824386426, 49.45819718632599], [44.88320356464355, 49.36608887184656], [44.74216745047342, 49.3658603502544], [44.74168457827649, 49.45796792488054]]]}}, {"type": "Feature", "id": "BS_tr_000108", "properties": {"id": "BS_tr_000108", "chip_id": "BS_tr_000108", "kind": "bs", "task": "bs", "split": "train", "utm_zone": 37, "gsd_m": 20.0, "width": 512, "height": 512, "crs": "WGS 84 / UTM zone 37N", "source": "Мониторинг DATA · train"}, "geometry": {"type": "Polygon", "coordinates": [[[40.43170650780924, 49.26516686503196], [40.572404817790925, 49.263337341796394], [40.56948593200069, 49.17126037655258], [40.42904857549937, 49.17308400362515], [40.43170650780924, 49.26516686503196]]]}}, {"type": "Feature", "id": "BS_tr_000109", "properties": {"id": "BS_tr_000109", "chip_id": "BS_tr_000109", "kind": "bs", "task": "bs", "split": "train", "utm_zone": 38, "gsd_m": 20.0, "width": 512, "height": 512, "crs": "WGS 84 / UTM zone 38N", "source": "Мониторинг DATA · train"}, "geometry": {"type": "Polygon", "coordinates": [[[46.15892354324353, 49.636668511922316], [46.30070566867436, 49.63516228579616], [46.298259208198225, 49.543080328437405], [46.15674360279342, 49.54458169020198], [46.15892354324353, 49.636668511922316]]]}}, {"type": "Feature", "id": "BS_tr_000110", "properties": {"id": "BS_tr_000110", "chip_id": "BS_tr_000110", "kind": "bs", "task": "bs", "split": "train", "utm_zone": 37, "gsd_m": 20.0, "width": 512, "height": 512, "crs": "WGS 84 / UTM zone 37N", "source": "Мониторинг DATA · train"}, "geometry": {"type": "Polygon", "coordinates": [[[41.52410423912915, 48.60155833764606], [41.66285361648806, 48.59843154338433], [41.65802578667252, 48.506408660584576], [41.519527298483574, 48.50952541572643], [41.52410423912915, 48.60155833764606]]]}}, {"type": "Feature", "id": "BS_tr_000111", "properties": {"id": "BS_tr_000111", "chip_id": "BS_tr_000111", "kind": "bs", "task": "bs", "split": "train", "utm_zone": 38, "gsd_m": 20.0, "width": 512, "height": 512, "crs": "WGS 84 / UTM zone 38N", "source": "Мониторинг DATA · train"}, "geometry": {"type": "Polygon", "coordinates": [[[47.89198700440827, 50.15905805442599], [48.035146041113805, 50.15540215615103], [48.02933364271899, 50.063433882785894], [47.886447807655934, 50.06707795126707], [47.89198700440827, 50.15905805442599]]]}}, {"type": "Feature", "id": "BS_tr_000112", "properties": {"id": "BS_tr_000112", "chip_id": "BS_tr_000112", "kind": "bs", "task": "bs", "split": "train", "utm_zone": 38, "gsd_m": 20.0, "width": 512, "height": 512, "crs": "WGS 84 / UTM zone 38N", "source": "Мониторинг DATA · train"}, "geometry": {"type": "Polygon", "coordinates": [[[43.33836003608713, 49.1699708448952], [43.47878780221635, 49.17190650546697], [43.481602609615585, 49.079825855023806], [43.34143440864576, 49.077896429498765], [43.33836003608713, 49.1699708448952]]]}}, {"type": "Feature", "id": "BS_tr_000113", "properties": {"id": "BS_tr_000113", "chip_id": "BS_tr_000113", "kind": "bs", "task": "bs", "split": "train", "utm_zone": 37, "gsd_m": 20.0, "width": 512, "height": 512, "crs": "WGS 84 / UTM zone 37N", "source": "Мониторинг DATA · train"}, "geometry": {"type": "Polygon", "coordinates": [[[39.158574304187965, 47.24713396219655], [39.29388963636817, 47.246866809074014], [39.293381244195146, 47.15472392373258], [39.15829998714889, 47.15499022216525], [39.158574304187965, 47.24713396219655]]]}}, {"type": "Feature", "id": "BS_tr_000114", "properties": {"id": "BS_tr_000114", "chip_id": "BS_tr_000114", "kind": "bs", "task": "bs", "split": "train", "utm_zone": 38, "gsd_m": 20.0, "width": 512, "height": 512, "crs": "WGS 84 / UTM zone 38N", "source": "Мониторинг DATA · train"}, "geometry": {"type": "Polygon", "coordinates": [[[46.12534282371661, 48.163093971675806], [46.26301925522115, 48.16166346674413], [46.26076353641099, 48.06955650487658], [46.12333285748318, 48.07098242116867], [46.12534282371661, 48.163093971675806]]]}}, {"type": "Feature", "id": "BS_tr_000115", "properties": {"id": "BS_tr_000115", "chip_id": "BS_tr_000115", "kind": "bs", "task": "bs", "split": "train", "utm_zone": 38, "gsd_m": 20.0, "width": 512, "height": 512, "crs": "WGS 84 / UTM zone 38N", "source": "Мониторинг DATA · train"}, "geometry": {"type": "Polygon", "coordinates": [[[43.61148580243128, 49.44992099811115], [43.75272824382458, 49.45153068966095], [43.75505908130545, 49.3594438859393], [43.61408039089839, 49.35783938750547], [43.61148580243128, 49.44992099811115]]]}}, {"type": "Feature", "id": "BS_tr_000116", "properties": {"id": "BS_tr_000116", "chip_id": "BS_tr_000116", "kind": "bs", "task": "bs", "split": "train", "utm_zone": 38, "gsd_m": 20.0, "width": 512, "height": 512, "crs": "WGS 84 / UTM zone 38N", "source": "Мониторинг DATA · train"}, "geometry": {"type": "Polygon", "coordinates": [[[43.48996165066836, 48.80357432773135], [43.629373035351, 48.805316645716495], [43.63187678852742, 48.71322400874958], [43.492719845184034, 48.711487293726734], [43.48996165066836, 48.80357432773135]]]}}, {"type": "Feature", "id": "BS_tr_000117", "properties": {"id": "BS_tr_000117", "chip_id": "BS_tr_000117", "kind": "bs", "task": "bs", "split": "train", "utm_zone": 38, "gsd_m": 20.0, "width": 512, "height": 512, "crs": "WGS 84 / UTM zone 38N", "source": "Мониторинг DATA · train"}, "geometry": {"type": "Polygon", "coordinates": [[[47.123210704722744, 48.97815837698034], [47.26304381477854, 48.97549890423889], [47.2588857506341, 48.88345446071737], [47.11930908189657, 48.886105377885336], [47.123210704722744, 48.97815837698034]]]}}, {"type": "Feature", "id": "BS_tr_000118", "properties": {"id": "BS_tr_000118", "chip_id": "BS_tr_000118", "kind": "bs", "task": "bs", "split": "train", "utm_zone": 38, "gsd_m": 20.0, "width": 512, "height": 512, "crs": "WGS 84 / UTM zone 38N", "source": "Мониторинг DATA · train"}, "geometry": {"type": "Polygon", "coordinates": [[[42.50491675998305, 46.11417715054699], [42.63731826056644, 46.11699218234183], [42.64124638740639, 46.02490814341369], [42.50906447306609, 46.02210209086747], [42.50491675998305, 46.11417715054699]]]}}, {"type": "Feature", "id": "BS_tr_000119", "properties": {"id": "BS_tr_000119", "chip_id": "BS_tr_000119", "kind": "bs", "task": "bs", "split": "train", "utm_zone": 37, "gsd_m": 20.0, "width": 512, "height": 512, "crs": "WGS 84 / UTM zone 37N", "source": "Мониторинг DATA · train"}, "geometry": {"type": "Polygon", "coordinates": [[[41.283406287460316, 46.30293039673402], [41.41626305813981, 46.3001985290931], [41.41222017109337, 46.208121045013], [41.27958521265326, 46.21084419613825], [41.283406287460316, 46.30293039673402]]]}}, {"type": "Feature", "id": "BS_tr_000120", "properties": {"id": "BS_tr_000120", "chip_id": "BS_tr_000120", "kind": "bs", "task": "bs", "split": "train", "utm_zone": 38, "gsd_m": 20.0, "width": 512, "height": 512, "crs": "WGS 84 / UTM zone 38N", "source": "Мониторинг DATA · train"}, "geometry": {"type": "Polygon", "coordinates": [[[42.805166525432156, 48.516177699526146], [42.943737049722294, 48.51873740468094], [42.947455239348734, 48.42667310899946], [42.80913480835206, 48.424121622151546], [42.805166525432156, 48.516177699526146]]]}}, {"type": "Feature", "id": "BS_tr_000121", "properties": {"id": "BS_tr_000121", "chip_id": "BS_tr_000121", "kind": "bs", "task": "bs", "split": "train", "utm_zone": 38, "gsd_m": 20.0, "width": 512, "height": 512, "crs": "WGS 84 / UTM zone 38N", "source": "Мониторинг DATA · train"}, "geometry": {"type": "Polygon", "coordinates": [[[43.93897354466704, 47.33447505604114], [44.07449434010328, 47.33564957700708], [44.076100258738165, 47.24351893156236], [43.940814515837175, 47.24234816850891], [43.93897354466704, 47.33447505604114]]]}}, {"type": "Feature", "id": "BS_tr_000122", "properties": {"id": "BS_tr_000122", "chip_id": "BS_tr_000122", "kind": "bs", "task": "bs", "split": "train", "utm_zone": 38, "gsd_m": 20.0, "width": 512, "height": 512, "crs": "WGS 84 / UTM zone 38N", "source": "Мониторинг DATA · train"}, "geometry": {"type": "Polygon", "coordinates": [[[44.60697456777068, 48.62855608203531], [44.74594307176288, 48.62894645656608], [44.746404340347524, 48.5368255476322], [44.607688136121205, 48.53643642788252], [44.60697456777068, 48.62855608203531]]]}}, {"type": "Feature", "id": "BS_tr_000123", "properties": {"id": "BS_tr_000123", "chip_id": "BS_tr_000123", "kind": "bs", "task": "bs", "split": "train", "utm_zone": 37, "gsd_m": 20.0, "width": 512, "height": 512, "crs": "WGS 84 / UTM zone 37N", "source": "Мониторинг DATA · train"}, "geometry": {"type": "Polygon", "coordinates": [[[41.146931640995575, 46.213413563338015], [41.27958521265326, 46.21084419613825], [41.27578275131641, 46.11875626198162], [41.14335002623753, 46.121317431341566], [41.146931640995575, 46.213413563338015]]]}}, {"type": "Feature", "id": "BS_tr_000124", "properties": {"id": "BS_tr_000124", "chip_id": "BS_tr_000124", "kind": "bs", "task": "bs", "split": "train", "utm_zone": 37, "gsd_m": 20.0, "width": 512, "height": 512, "crs": "WGS 84 / UTM zone 37N", "source": "Мониторинг DATA · train"}, "geometry": {"type": "Polygon", "coordinates": [[[41.02444165203595, 46.49213052293418], [41.157782120373035, 46.48969171661249], [41.15414758089123, 46.397600707142395], [41.02103132411267, 46.4000317284574], [41.02444165203595, 46.49213052293418]]]}}, {"type": "Feature", "id": "BS_tr_000125", "properties": {"id": "BS_tr_000125", "chip_id": "BS_tr_000125", "kind": "bs", "task": "bs", "split": "train", "utm_zone": 37, "gsd_m": 20.0, "width": 512, "height": 512, "crs": "WGS 84 / UTM zone 37N", "source": "Мониторинг DATA · train"}, "geometry": {"type": "Polygon", "coordinates": [[[41.150530790308395, 46.30550798899522], [41.283406287460316, 46.30293039673402], [41.27958521265326, 46.21084419613825], [41.146931640995575, 46.213413563338015], [41.150530790308395, 46.30550798899522]]]}}, {"type": "Feature", "id": "BS_tr_000126", "properties": {"id": "BS_tr_000126", "chip_id": "BS_tr_000126", "kind": "bs", "task": "bs", "split": "train", "utm_zone": 38, "gsd_m": 20.0, "width": 512, "height": 512, "crs": "WGS 84 / UTM zone 38N", "source": "Мониторинг DATA · train"}, "geometry": {"type": "Polygon", "coordinates": [[[44.19737377830608, 48.16580058564108], [44.335079186437675, 48.166679662047564], [44.336266994725264, 48.07455660858484], [44.19880752355282, 48.07368035241781], [44.19737377830608, 48.16580058564108]]]}}, {"type": "Feature", "id": "BS_tr_000127", "properties": {"id": "BS_tr_000127", "chip_id": "BS_tr_000127", "kind": "bs", "task": "bs", "split": "train", "utm_zone": 38, "gsd_m": 20.0, "width": 512, "height": 512, "crs": "WGS 84 / UTM zone 38N", "source": "Мониторинг DATA · train"}, "geometry": {"type": "Polygon", "coordinates": [[[42.20743478199604, 46.75242525563956], [42.34136030248263, 46.75561723351253], [42.345879653395514, 46.6635643631895], [42.212181086988025, 46.66038257455825], [42.20743478199604, 46.75242525563956]]]}}, {"type": "Feature", "id": "BS_tr_000128", "properties": {"id": "BS_tr_000128", "chip_id": "BS_tr_000128", "kind": "bs", "task": "bs", "split": "train", "utm_zone": 37, "gsd_m": 20.0, "width": 512, "height": 512, "crs": "WGS 84 / UTM zone 37N", "source": "Мониторинг DATA · train"}, "geometry": {"type": "Polygon", "coordinates": [[[41.54059162726816, 46.11317409822146], [41.67296563627312, 46.11015322149313], [41.66852304741076, 46.01809099556713], [41.5363684592618, 46.02110223780915], [41.54059162726816, 46.11317409822146]]]}}, {"type": "Feature", "id": "BS_tr_000129", "properties": {"id": "BS_tr_000129", "chip_id": "BS_tr_000129", "kind": "bs", "task": "bs", "split": "train", "utm_zone": 37, "gsd_m": 20.0, "width": 512, "height": 512, "crs": "WGS 84 / UTM zone 37N", "source": "Мониторинг DATA · train"}, "geometry": {"type": "Polygon", "coordinates": [[[41.81000259310819, 46.199029479809504], [41.94255233001242, 46.19569180085383], [41.93764744959006, 46.103652196602226], [41.80531793312667, 46.10697923200029], [41.81000259310819, 46.199029479809504]]]}}, {"type": "Feature", "id": "BS_tr_000130", "properties": {"id": "BS_tr_000130", "chip_id": "BS_tr_000130", "kind": "bs", "task": "bs", "split": "train", "utm_zone": 37, "gsd_m": 20.0, "width": 512, "height": 512, "crs": "WGS 84 / UTM zone 37N", "source": "Мониторинг DATA · train"}, "geometry": {"type": "Polygon", "coordinates": [[[40.91714437636677, 47.231202829863264], [41.052336301354146, 47.228860182275454], [41.04878898335518, 47.13677488498456], [40.91383036772011, 47.13911004260582], [40.91714437636677, 47.231202829863264]]]}}, {"type": "Feature", "id": "BS_tr_000131", "properties": {"id": "BS_tr_000131", "chip_id": "BS_tr_000131", "kind": "bs", "task": "bs", "split": "train", "utm_zone": 37, "gsd_m": 20.0, "width": 512, "height": 512, "crs": "WGS 84 / UTM zone 37N", "source": "Мониторинг DATA · train"}, "geometry": {"type": "Polygon", "coordinates": [[[40.519393209050975, 47.513600926996666], [40.65533877137908, 47.51171874376362], [40.65244901048395, 47.41961736384216], [40.51674053935522, 47.421493523426484], [40.519393209050975, 47.513600926996666]]]}}, {"type": "Feature", "id": "BS_tr_000132", "properties": {"id": "BS_tr_000132", "chip_id": "BS_tr_000132", "kind": "bs", "task": "bs", "split": "train", "utm_zone": 38, "gsd_m": 20.0, "width": 512, "height": 512, "crs": "WGS 84 / UTM zone 38N", "source": "Мониторинг DATA · train"}, "geometry": {"type": "Polygon", "coordinates": [[[43.10287502220618, 47.96867352716596], [43.23999861578834, 47.97085721295116], [43.24312076692211, 47.87876824855738], [43.10624008158753, 47.87659156055104], [43.10287502220618, 47.96867352716596]]]}}, {"type": "Feature", "id": "BS_tr_000133", "properties": {"id": "BS_tr_000133", "chip_id": "BS_tr_000133", "kind": "bs", "task": "bs", "split": "train", "utm_zone": 38, "gsd_m": 20.0, "width": 512, "height": 512, "crs": "WGS 84 / UTM zone 38N", "source": "Мониторинг DATA · train"}, "geometry": {"type": "Polygon", "coordinates": [[[43.78647704931777, 48.07006519958892], [43.923911321776444, 48.07143462285252], [43.92582716664278, 47.97932007515458], [43.788637441466804, 47.977955043216994], [43.78647704931777, 48.07006519958892]]]}}, {"type": "Feature", "id": "BS_tr_000134", "properties": {"id": "BS_tr_000134", "chip_id": "BS_tr_000134", "kind": "bs", "task": "bs", "split": "train", "utm_zone": 38, "gsd_m": 20.0, "width": 512, "height": 512, "crs": "WGS 84 / UTM zone 38N", "source": "Мониторинг DATA · train"}, "geometry": {"type": "Polygon", "coordinates": [[[43.10624008158753, 47.87659156055104], [43.24312076692211, 47.87876824855738], [43.246227353789415, 47.78667764658508], [43.10958836758497, 47.78450793177186], [43.10624008158753, 47.87659156055104]]]}}, {"type": "Feature", "id": "BS_tr_000135", "properties": {"id": "BS_tr_000135", "chip_id": "BS_tr_000135", "kind": "bs", "task": "bs", "split": "train", "utm_zone": 37, "gsd_m": 20.0, "width": 512, "height": 512, "crs": "WGS 84 / UTM zone 37N", "source": "Мониторинг DATA · train"}, "geometry": {"type": "Polygon", "coordinates": [[[39.02358677834319, 47.98434043055409], [39.16081862229907, 47.98423027785828], [39.160533160842746, 47.892098445722006], [39.02354491036478, 47.892208245228844], [39.02358677834319, 47.98434043055409]]]}}, {"type": "Feature", "id": "BS_tr_000136", "properties": {"id": "BS_tr_000136", "chip_id": "BS_tr_000136", "kind": "bs", "task": "bs", "split": "train", "utm_zone": 38, "gsd_m": 20.0, "width": 512, "height": 512, "crs": "WGS 84 / UTM zone 38N", "source": "Мониторинг DATA · train"}, "geometry": {"type": "Polygon", "coordinates": [[[43.08924490095203, 48.33698475837734], [43.22735237331591, 48.339196684517084], [43.23053778137149, 48.247114275533846], [43.09267813120494, 48.24490944721044], [43.08924490095203, 48.33698475837734]]]}}, {"type": "Feature", "id": "BS_tr_000137", "properties": {"id": "BS_tr_000137", "chip_id": "BS_tr_000137", "kind": "bs", "task": "bs", "split": "train", "utm_zone": 38, "gsd_m": 20.0, "width": 512, "height": 512, "crs": "WGS 84 / UTM zone 38N", "source": "Мониторинг DATA · train"}, "geometry": {"type": "Polygon", "coordinates": [[[42.67503137149021, 48.329354921616584], [42.813083153390394, 48.33206382162104], [42.81701168819387, 48.24000429898541], [42.67920737276873, 48.23730408903638], [42.67503137149021, 48.329354921616584]]]}}, {"type": "Feature", "id": "BS_tr_000138", "properties": {"id": "BS_tr_000138", "chip_id": "BS_tr_000138", "kind": "bs", "task": "bs", "split": "train", "utm_zone": 38, "gsd_m": 20.0, "width": 512, "height": 512, "crs": "WGS 84 / UTM zone 38N", "source": "Мониторинг DATA · train"}, "geometry": {"type": "Polygon", "coordinates": [[[43.041155210170466, 45.940299750037546], [43.17318814127187, 45.942487402820625], [43.17620727682075, 45.85036903638944], [43.04439222604442, 45.84818836287296], [43.041155210170466, 45.940299750037546]]]}}, {"type": "Feature", "id": "BS_tr_000139", "properties": {"id": "BS_tr_000139", "chip_id": "BS_tr_000139", "kind": "bs", "task": "bs", "split": "train", "utm_zone": 37, "gsd_m": 20.0, "width": 512, "height": 512, "crs": "WGS 84 / UTM zone 37N", "source": "Мониторинг DATA · train"}, "geometry": {"type": "Polygon", "coordinates": [[[40.86418285728068, 49.53534518850627], [41.00562227384151, 49.532979206021764], [41.00186396192044, 49.44092828429384], [40.86068919967849, 49.44328663267013], [40.86418285728068, 49.53534518850627]]]}}, {"type": "Feature", "id": "BS_tr_000140", "properties": {"id": "BS_tr_000140", "chip_id": "BS_tr_000140", "kind": "bs", "task": "bs", "split": "train", "utm_zone": 38, "gsd_m": 20.0, "width": 512, "height": 512, "crs": "WGS 84 / UTM zone 38N", "source": "Мониторинг DATA · train"}, "geometry": {"type": "Polygon", "coordinates": [[[43.557371566350135, 46.408793402740436], [43.690564122201124, 46.41039629126138], [43.69276395461965, 46.31826272590294], [43.5597949802665, 46.316664955305335], [43.557371566350135, 46.408793402740436]]]}}, {"type": "Feature", "id": "BS_tr_000141", "properties": {"id": "BS_tr_000141", "chip_id": "BS_tr_000141", "kind": "bs", "task": "bs", "split": "train", "utm_zone": 37, "gsd_m": 20.0, "width": 512, "height": 512, "crs": "WGS 84 / UTM zone 37N", "source": "Мониторинг DATA · train"}, "geometry": {"type": "Polygon", "coordinates": [[[40.86068919967849, 49.44328663267013], [41.00186396192044, 49.44092828429384], [40.998124838604966, 49.34887567936708], [40.857213381613406, 49.35122642199468], [40.86068919967849, 49.44328663267013]]]}}, {"type": "Feature", "id": "BS_tr_000142", "properties": {"id": "BS_tr_000142", "chip_id": "BS_tr_000142", "kind": "bs", "task": "bs", "split": "train", "utm_zone": 37, "gsd_m": 20.0, "width": 512, "height": 512, "crs": "WGS 84 / UTM zone 37N", "source": "Мониторинг DATA · train"}, "geometry": {"type": "Polygon", "coordinates": [[[40.70674487204399, 49.077193894138986], [40.84689179534324, 49.075035865886655], [40.84348617141454, 48.98296904082863], [40.70359735814061, 48.985120121634324], [40.70674487204399, 49.077193894138986]]]}}, {"type": "Feature", "id": "BS_tr_000143", "properties": {"id": "BS_tr_000143", "chip_id": "BS_tr_000143", "kind": "bs", "task": "bs", "split": "train", "utm_zone": 37, "gsd_m": 20.0, "width": 512, "height": 512, "crs": "WGS 84 / UTM zone 37N", "source": "Мониторинг DATA · train"}, "geometry": {"type": "Polygon", "coordinates": [[[40.288597702947364, 49.17473687850598], [40.42904857549937, 49.17308400362515], [40.42640415938577, 49.080999560051225], [40.2862130030566, 49.08264711014596], [40.288597702947364, 49.17473687850598]]]}}, {"type": "Feature", "id": "BS_tr_000144", "properties": {"id": "BS_tr_000144", "chip_id": "BS_tr_000144", "kind": "bs", "task": "bs", "split": "train", "utm_zone": 37, "gsd_m": 20.0, "width": 512, "height": 512, "crs": "WGS 84 / UTM zone 37N", "source": "Мониторинг DATA · train"}, "geometry": {"type": "Polygon", "coordinates": [[[39.428459991583594, 47.154298350692436], [39.56353507396489, 47.15371351229627], [39.56256340598719, 47.061572365353456], [39.42772120499792, 47.06215533319265], [39.428459991583594, 47.154298350692436]]]}}, {"type": "Feature", "id": "BS_tr_000145", "properties": {"id": "BS_tr_000145", "chip_id": "BS_tr_000145", "kind": "bs", "task": "bs", "split": "train", "utm_zone": 38, "gsd_m": 20.0, "width": 512, "height": 512, "crs": "WGS 84 / UTM zone 38N", "source": "Мониторинг DATA · train"}, "geometry": {"type": "Polygon", "coordinates": [[[42.53441255153869, 51.18205477606414], [42.68079569777019, 51.1850496402659], [42.68540327982673, 51.09304399358921], [42.53931025924807, 51.090058893102764], [42.53441255153869, 51.18205477606414]]]}}, {"type": "Feature", "id": "BS_tr_000146", "properties": {"id": "BS_tr_000146", "chip_id": "BS_tr_000146", "kind": "bs", "task": "bs", "split": "train", "utm_zone": 38, "gsd_m": 20.0, "width": 512, "height": 512, "crs": "WGS 84 / UTM zone 38N", "source": "Мониторинг DATA · train"}, "geometry": {"type": "Polygon", "coordinates": [[[46.66409483162679, 47.78801315746014], [46.80074410287899, 47.78595014515376], [46.797570299625754, 47.69386023610059], [46.6611615907473, 47.69591664101106], [46.66409483162679, 47.78801315746014]]]}}, {"type": "Feature", "id": "BS_tr_000147", "properties": {"id": "BS_tr_000147", "chip_id": "BS_tr_000147", "kind": "bs", "task": "bs", "split": "train", "utm_zone": 38, "gsd_m": 20.0, "width": 512, "height": 512, "crs": "WGS 84 / UTM zone 38N", "source": "Мониторинг DATA · train"}, "geometry": {"type": "Polygon", "coordinates": [[[45.74052273307783, 50.10061318614731], [45.88368879030641, 50.09961177322998], [45.88199912018046, 50.007524464779706], [45.73910673903709, 50.008522634452724], [45.74052273307783, 50.10061318614731]]]}}, {"type": "Feature", "id": "BS_tr_000148", "properties": {"id": "BS_tr_000148", "chip_id": "BS_tr_000148", "kind": "bs", "task": "bs", "split": "train", "utm_zone": 38, "gsd_m": 20.0, "width": 512, "height": 512, "crs": "WGS 84 / UTM zone 38N", "source": "Мониторинг DATA · train"}, "geometry": {"type": "Polygon", "coordinates": [[[42.393242951504135, 51.086891409843496], [42.53931025924807, 51.090058893102764], [42.54418225364957, 50.99806121764663], [42.39840337516146, 50.994904052466616], [42.393242951504135, 51.086891409843496]]]}}, {"type": "Feature", "id": "BS_tr_000149", "properties": {"id": "BS_tr_000149", "chip_id": "BS_tr_000149", "kind": "bs", "task": "bs", "split": "train", "utm_zone": 38, "gsd_m": 20.0, "width": 512, "height": 512, "crs": "WGS 84 / UTM zone 38N", "source": "Мониторинг DATA · train"}, "geometry": {"type": "Polygon", "coordinates": [[[45.16621118458544, 49.64234966651462], [45.30804306469706, 49.642059194832996], [45.30746348780357, 49.54995496144233], [45.16589845729093, 49.55024449480459], [45.16621118458544, 49.64234966651462]]]}}, {"type": "Feature", "id": "BS_tr_000150", "properties": {"id": "BS_tr_000150", "chip_id": "BS_tr_000150", "kind": "bs", "task": "bs", "split": "train", "utm_zone": 38, "gsd_m": 20.0, "width": 512, "height": 512, "crs": "WGS 84 / UTM zone 38N", "source": "Мониторинг DATA · train"}, "geometry": {"type": "Polygon", "coordinates": [[[45.74337682345922, 50.284789796115895], [45.88709450328576, 50.28378185943706], [45.88538723154473, 50.19169757125219], [45.74194607795933, 50.192702239808526], [45.74337682345922, 50.284789796115895]]]}}, {"type": "Feature", "id": "BS_tr_000151", "properties": {"id": "BS_tr_000151", "chip_id": "BS_tr_000151", "kind": "bs", "task": "bs", "split": "train", "utm_zone": 38, "gsd_m": 20.0, "width": 512, "height": 512, "crs": "WGS 84 / UTM zone 38N", "source": "Мониторинг DATA · train"}, "geometry": {"type": "Polygon", "coordinates": [[[42.53931025924807, 51.090058893102764], [42.68540327982673, 51.09304399358921], [42.68998666788795, 51.001036592882485], [42.54418225364957, 50.99806121764663], [42.53931025924807, 51.090058893102764]]]}}, {"type": "Feature", "id": "BS_tr_000152", "properties": {"id": "BS_tr_000152", "chip_id": "BS_tr_000152", "kind": "bs", "task": "bs", "split": "train", "utm_zone": 38, "gsd_m": 20.0, "width": 512, "height": 512, "crs": "WGS 84 / UTM zone 38N", "source": "Мониторинг DATA · train"}, "geometry": {"type": "Polygon", "coordinates": [[[43.21444901376889, 48.707509914663824], [43.35357682607353, 48.70958258125516], [43.35657416424504, 48.61750007395409], [43.21769932181739, 48.6154340689545], [43.21444901376889, 48.707509914663824]]]}}, {"type": "Feature", "id": "BS_tr_000153", "properties": {"id": "BS_tr_000153", "chip_id": "BS_tr_000153", "kind": "bs", "task": "bs", "split": "train", "utm_zone": 38, "gsd_m": 20.0, "width": 512, "height": 512, "crs": "WGS 84 / UTM zone 38N", "source": "Мониторинг DATA · train"}, "geometry": {"type": "Polygon", "coordinates": [[[42.16861001928319, 47.488699582429696], [42.3043918947581, 47.4919743346606], [42.30909336264876, 47.39993611802652], [42.1735475562132, 47.39667183733449], [42.16861001928319, 47.488699582429696]]]}}, {"type": "Feature", "id": "BS_tr_000154", "properties": {"id": "BS_tr_000154", "chip_id": "BS_tr_000154", "kind": "bs", "task": "bs", "split": "train", "utm_zone": 37, "gsd_m": 20.0, "width": 512, "height": 512, "crs": "WGS 84 / UTM zone 37N", "source": "Мониторинг DATA · train"}, "geometry": {"type": "Polygon", "coordinates": [[[40.947723209028, 48.05996286653469], [41.08506781780612, 48.05755162710347], [41.08135800626507, 47.96548158725336], [40.944257375987334, 47.9678850981372], [40.947723209028, 48.05996286653469]]]}}, {"type": "Feature", "id": "BS_tr_000155", "properties": {"id": "BS_tr_000155", "chip_id": "BS_tr_000155", "kind": "bs", "task": "bs", "split": "train", "utm_zone": 37, "gsd_m": 20.0, "width": 512, "height": 512, "crs": "WGS 84 / UTM zone 37N", "source": "Мониторинг DATA · train"}, "geometry": {"type": "Polygon", "coordinates": [[[40.75180279880086, 46.31231458347544], [40.88472795920412, 46.31020013210858], [40.88157297446589, 46.218090731919915], [40.748870040030454, 46.22019843438472], [40.75180279880086, 46.31231458347544]]]}}, {"type": "Feature", "id": "BS_tr_000156", "properties": {"id": "BS_tr_000156", "chip_id": "BS_tr_000156", "kind": "bs", "task": "bs", "split": "train", "utm_zone": 38, "gsd_m": 20.0, "width": 512, "height": 512, "crs": "WGS 84 / UTM zone 38N", "source": "Мониторинг DATA · train"}, "geometry": {"type": "Polygon", "coordinates": [[[42.22160409791985, 46.476291642343575], [42.35485207408525, 46.47945315498433], [42.359305412960836, 46.38739482088165], [42.22628108635685, 46.38424339544047], [42.22160409791985, 46.476291642343575]]]}}, {"type": "Feature", "id": "BS_tr_000157", "properties": {"id": "BS_tr_000157", "chip_id": "BS_tr_000157", "kind": "bs", "task": "bs", "split": "train", "utm_zone": 37, "gsd_m": 20.0, "width": 512, "height": 512, "crs": "WGS 84 / UTM zone 37N", "source": "Мониторинг DATA · train"}, "geometry": {"type": "Polygon", "coordinates": [[[40.76367851181349, 46.68076282198003], [40.897503522941115, 46.67862114849968], [40.89428609785601, 46.58651838371633], [40.76068770480227, 46.58865321739154], [40.76367851181349, 46.68076282198003]]]}}, {"type": "Feature", "id": "BS_tr_000158", "properties": {"id": "BS_tr_000158", "chip_id": "BS_tr_000158", "kind": "bs", "task": "bs", "split": "train", "utm_zone": 37, "gsd_m": 20.0, "width": 512, "height": 512, "crs": "WGS 84 / UTM zone 37N", "source": "Мониторинг DATA · train"}, "geometry": {"type": "Polygon", "coordinates": [[[41.95741151110151, 46.47179924059527], [42.09060394356745, 46.468274480736646], [42.08540333444673, 46.37625180838707], [41.952434214336115, 46.37976532526445], [41.95741151110151, 46.47179924059527]]]}}, {"type": "Feature", "id": "BS_tr_000159", "properties": {"id": "BS_tr_000159", "chip_id": "BS_tr_000159", "kind": "bs", "task": "bs", "split": "train", "utm_zone": 37, "gsd_m": 20.0, "width": 512, "height": 512, "crs": "WGS 84 / UTM zone 37N", "source": "Мониторинг DATA · train"}, "geometry": {"type": "Polygon", "coordinates": [[[40.897503522941115, 46.67862114849968], [41.031312684066826, 46.67632305971922], [41.027868737766084, 46.58422763368362], [40.89428609785601, 46.58651838371633], [40.897503522941115, 46.67862114849968]]]}}, {"type": "Feature", "id": "BS_tr_000160", "properties": {"id": "BS_tr_000160", "chip_id": "BS_tr_000160", "kind": "bs", "task": "bs", "split": "train", "utm_zone": 38, "gsd_m": 20.0, "width": 512, "height": 512, "crs": "WGS 84 / UTM zone 38N", "source": "Мониторинг DATA · train"}, "geometry": {"type": "Polygon", "coordinates": [[[47.23036082791061, 48.239094717753474], [47.36815809138494, 48.23633777822379], [47.36391839995315, 48.14428829226542], [47.22636732093874, 48.14703639104839], [47.23036082791061, 48.239094717753474]]]}}, {"type": "Feature", "id": "BS_tr_000161", "properties": {"id": "BS_tr_000161", "chip_id": "BS_tr_000161", "kind": "bs", "task": "bs", "split": "train", "utm_zone": 37, "gsd_m": 20.0, "width": 512, "height": 512, "crs": "WGS 84 / UTM zone 37N", "source": "Мониторинг DATA · train"}, "geometry": {"type": "Polygon", "coordinates": [[[40.641032200943876, 47.05119564609352], [40.77579000523572, 47.04918485573818], [40.772739708815735, 46.95708180628867], [40.638213116697095, 46.959086169488145], [40.641032200943876, 47.05119564609352]]]}}, {"type": "Feature", "id": "BS_tr_000162", "properties": {"id": "BS_tr_000162", "chip_id": "BS_tr_000162", "kind": "bs", "task": "bs", "split": "train", "utm_zone": 37, "gsd_m": 20.0, "width": 512, "height": 512, "crs": "WGS 84 / UTM zone 37N", "source": "Мониторинг DATA · train"}, "geometry": {"type": "Polygon", "coordinates": [[[38.61597709952316, 47.43088425868703], [38.751762532081365, 47.43125866476208], [38.752194727027636, 47.33911841108203], [38.61664569267358, 47.33874520340307], [38.61597709952316, 47.43088425868703]]]}}, {"type": "Feature", "id": "BS_tr_000163", "properties": {"id": "BS_tr_000163", "chip_id": "BS_tr_000163", "kind": "bs", "task": "bs", "split": "train", "utm_zone": 37, "gsd_m": 20.0, "width": 512, "height": 512, "crs": "WGS 84 / UTM zone 37N", "source": "Мониторинг DATA · train"}, "geometry": {"type": "Polygon", "coordinates": [[[40.51674053935522, 47.421493523426484], [40.65244901048395, 47.41961736384216], [40.649573561835254, 47.32751436365284], [40.51410100886039, 47.32938452041515], [40.51674053935522, 47.421493523426484]]]}}, {"type": "Feature", "id": "BS_tr_000164", "properties": {"id": "BS_tr_000164", "chip_id": "BS_tr_000164", "kind": "bs", "task": "bs", "split": "train", "utm_zone": 37, "gsd_m": 20.0, "width": 512, "height": 512, "crs": "WGS 84 / UTM zone 37N", "source": "Мониторинг DATA · train"}, "geometry": {"type": "Polygon", "coordinates": [[[40.23033604653739, 46.779894902430975], [40.36444135670612, 46.77837445765124], [40.36211953081, 46.68624890843506], [40.22824227573196, 46.68776449526078], [40.23033604653739, 46.779894902430975]]]}}, {"type": "Feature", "id": "BS_tr_000165", "properties": {"id": "BS_tr_000165", "chip_id": "BS_tr_000165", "kind": "bs", "task": "bs", "split": "train", "utm_zone": 37, "gsd_m": 20.0, "width": 512, "height": 512, "crs": "WGS 84 / UTM zone 37N", "source": "Мониторинг DATA · train"}, "geometry": {"type": "Polygon", "coordinates": [[[41.172499952391526, 46.858038644499985], [41.306730030060486, 46.855411120024115], [41.302794861723534, 46.7633353490917], [41.168793322410615, 46.76595448134104], [41.172499952391526, 46.858038644499985]]]}}, {"type": "Feature", "id": "BS_tr_000166", "properties": {"id": "BS_tr_000166", "chip_id": "BS_tr_000166", "kind": "bs", "task": "bs", "split": "train", "utm_zone": 37, "gsd_m": 20.0, "width": 512, "height": 512, "crs": "WGS 84 / UTM zone 37N", "source": "Мониторинг DATA · train"}, "geometry": {"type": "Polygon", "coordinates": [[[40.944257375987334, 47.9678850981372], [41.08135800626507, 47.96548158725336], [41.07766670845408, 47.87340984838611], [40.94080884116932, 47.87580565795606], [40.944257375987334, 47.9678850981372]]]}}, {"type": "Feature", "id": "BS_tr_000167", "properties": {"id": "BS_tr_000167", "chip_id": "BS_tr_000167", "kind": "bs", "task": "bs", "split": "train", "utm_zone": 37, "gsd_m": 20.0, "width": 512, "height": 512, "crs": "WGS 84 / UTM zone 37N", "source": "Мониторинг DATA · train"}, "geometry": {"type": "Polygon", "coordinates": [[[40.954707212316464, 48.24411338502206], [41.09254345562018, 48.24168660604861], [41.08879626120002, 48.14961996700988], [40.95120645068059, 48.15203896240831], [40.954707212316464, 48.24411338502206]]]}}, {"type": "Feature", "id": "BS_tr_000168", "properties": {"id": "BS_tr_000168", "chip_id": "BS_tr_000168", "kind": "bs", "task": "bs", "split": "train", "utm_zone": 37, "gsd_m": 20.0, "width": 512, "height": 512, "crs": "WGS 84 / UTM zone 37N", "source": "Мониторинг DATA · train"}, "geometry": {"type": "Polygon", "coordinates": [[[41.06308432819498, 47.50510592137539], [41.19896520801309, 47.50257971755188], [41.19512805593525, 47.41050757965012], [41.0594838631773, 47.41302570142134], [41.06308432819498, 47.50510592137539]]]}}, {"type": "Feature", "id": "BS_tr_000169", "properties": {"id": "BS_tr_000169", "chip_id": "BS_tr_000169", "kind": "bs", "task": "bs", "split": "train", "utm_zone": 37, "gsd_m": 20.0, "width": 512, "height": 512, "crs": "WGS 84 / UTM zone 37N", "source": "Мониторинг DATA · train"}, "geometry": {"type": "Polygon", "coordinates": [[[41.08506781780612, 48.05755162710347], [41.22239379497401, 48.05497633400015], [41.21844012305243, 47.96291454773337], [41.08135800626507, 47.96548158725336], [41.08506781780612, 48.05755162710347]]]}}, {"type": "Feature", "id": "BS_tr_000170", "properties": {"id": "BS_tr_000170", "chip_id": "BS_tr_000170", "kind": "bs", "task": "bs", "split": "train", "utm_zone": 37, "gsd_m": 20.0, "width": 512, "height": 512, "crs": "WGS 84 / UTM zone 37N", "source": "Мониторинг DATA · train"}, "geometry": {"type": "Polygon", "coordinates": [[[41.70467916396136, 46.754537650172395], [41.838596769976974, 46.751291859545105], [41.83377248222093, 46.65925279613597], [41.70008178186871, 46.66248822616472], [41.70467916396136, 46.754537650172395]]]}}, {"type": "Feature", "id": "BS_tr_000171", "properties": {"id": "BS_tr_000171", "chip_id": "BS_tr_000171", "kind": "bs", "task": "bs", "split": "train", "utm_zone": 37, "gsd_m": 20.0, "width": 512, "height": 512, "crs": "WGS 84 / UTM zone 37N", "source": "Мониторинг DATA · train"}, "geometry": {"type": "Polygon", "coordinates": [[[39.85302037762743, 48.349694031133005], [39.99121126894207, 48.34858621834646], [39.98942930507962, 48.25647367263612], [39.85148676920207, 48.25757792905187], [39.85302037762743, 48.349694031133005]]]}}, {"type": "Feature", "id": "BS_tr_000172", "properties": {"id": "BS_tr_000172", "chip_id": "BS_tr_000172", "kind": "bs", "task": "bs", "split": "train", "utm_zone": 37, "gsd_m": 20.0, "width": 512, "height": 512, "crs": "WGS 84 / UTM zone 37N", "source": "Мониторинг DATA · train"}, "geometry": {"type": "Polygon", "coordinates": [[[39.4391985324185, 48.44414347859251], [39.57765861784296, 48.443531756689474], [39.576616627690804, 48.351411639788324], [39.43840627626326, 48.35202139698708], [39.4391985324185, 48.44414347859251]]]}}, {"type": "Feature", "id": "BS_tr_000173", "properties": {"id": "BS_tr_000173", "chip_id": "BS_tr_000173", "kind": "bs", "task": "bs", "split": "train", "utm_zone": 37, "gsd_m": 20.0, "width": 512, "height": 512, "crs": "WGS 84 / UTM zone 37N", "source": "Мониторинг DATA · train"}, "geometry": {"type": "Polygon", "coordinates": [[[40.0114194573773, 49.361723171713585], [40.152417108176245, 49.36040341524689], [40.15027040732299, 49.26831196143808], [40.00953528786745, 49.269627461798876], [40.0114194573773, 49.361723171713585]]]}}, {"type": "Feature", "id": "BS_tr_000174", "properties": {"id": "BS_tr_000174", "chip_id": "BS_tr_000174", "kind": "bs", "task": "bs", "split": "train", "utm_zone": 37, "gsd_m": 20.0, "width": 512, "height": 512, "crs": "WGS 84 / UTM zone 37N", "source": "Мониторинг DATA · train"}, "geometry": {"type": "Polygon", "coordinates": [[[39.16081862229907, 47.98423027785828], [39.298049033195674, 47.98395617934872], [39.29751998733807, 47.89182522606388], [39.160533160842746, 47.892098445722006], [39.16081862229907, 47.98423027785828]]]}}, {"type": "Feature", "id": "BS_tr_000175", "properties": {"id": "BS_tr_000175", "chip_id": "BS_tr_000175", "kind": "bs", "task": "bs", "split": "train", "utm_zone": 37, "gsd_m": 20.0, "width": 512, "height": 512, "crs": "WGS 84 / UTM zone 37N", "source": "Мониторинг DATA · train"}, "geometry": {"type": "Polygon", "coordinates": [[[39.42920244320947, 47.24643987016691], [39.56451156214436, 47.245853154780946], [39.56353507396489, 47.15371351229627], [39.428459991583594, 47.154298350692436], [39.42920244320947, 47.24643987016691]]]}}, {"type": "Feature", "id": "BS_tr_000176", "properties": {"id": "BS_tr_000176", "chip_id": "BS_tr_000176", "kind": "bs", "task": "bs", "split": "train", "utm_zone": 37, "gsd_m": 20.0, "width": 512, "height": 512, "crs": "WGS 84 / UTM zone 37N", "source": "Мониторинг DATA · train"}, "geometry": {"type": "Polygon", "coordinates": [[[38.75089167132573, 47.615534699697], [38.88715561911988, 47.61574966437852], [38.88735335868767, 47.52361170374211], [38.75132818469736, 47.52339742749153], [38.75089167132573, 47.615534699697]]]}}, {"type": "Feature", "id": "BS_tr_000177", "properties": {"id": "BS_tr_000177", "chip_id": "BS_tr_000177", "kind": "bs", "task": "bs", "split": "train", "utm_zone": 37, "gsd_m": 20.0, "width": 512, "height": 512, "crs": "WGS 84 / UTM zone 37N", "source": "Мониторинг DATA · train"}, "geometry": {"type": "Polygon", "coordinates": [[[40.11539286696452, 47.70252074715702], [40.251852739068816, 47.70111302410295], [40.24965270602037, 47.60899824565234], [40.113432523171404, 47.610401460181436], [40.11539286696452, 47.70252074715702]]]}}, {"type": "Feature", "id": "BS_tr_000178", "properties": {"id": "BS_tr_000178", "chip_id": "BS_tr_000178", "kind": "bs", "task": "bs", "split": "train", "utm_zone": 37, "gsd_m": 20.0, "width": 512, "height": 512, "crs": "WGS 84 / UTM zone 37N", "source": "Мониторинг DATA · train"}, "geometry": {"type": "Polygon", "coordinates": [[[39.43605328021079, 48.07564619551791], [39.5735219222104, 48.07504229046207], [39.572500664785174, 47.98291617295746], [39.43527678823914, 47.983518141129984], [39.43605328021079, 48.07564619551791]]]}}, {"type": "Feature", "id": "BS_tr_000179", "properties": {"id": "BS_tr_000179", "chip_id": "BS_tr_000179", "kind": "bs", "task": "bs", "split": "train", "utm_zone": 37, "gsd_m": 20.0, "width": 512, "height": 512, "crs": "WGS 84 / UTM zone 37N", "source": "Мониторинг DATA · train"}, "geometry": {"type": "Polygon", "coordinates": [[[40.272156374982934, 48.530075681300055], [40.41081660943902, 48.52845967431933], [40.40826437639293, 48.436364156373145], [40.2698548113394, 48.43797497252996], [40.272156374982934, 48.530075681300055]]]}}, {"type": "Feature", "id": "BS_tr_000180", "properties": {"id": "BS_tr_000180", "chip_id": "BS_tr_000180", "kind": "bs", "task": "bs", "split": "train", "utm_zone": 37, "gsd_m": 20.0, "width": 512, "height": 512, "crs": "WGS 84 / UTM zone 37N", "source": "Мониторинг DATA · train"}, "geometry": {"type": "Polygon", "coordinates": [[[40.59023535695353, 49.8157654438488], [40.732512174388134, 49.813725465722406], [40.72923315989236, 49.7216647202096], [40.58722533244239, 49.723698104816734], [40.59023535695353, 49.8157654438488]]]}}, {"type": "Feature", "id": "BS_tr_000181", "properties": {"id": "BS_tr_000181", "chip_id": "BS_tr_000181", "kind": "bs", "task": "bs", "split": "train", "utm_zone": 37, "gsd_m": 20.0, "width": 512, "height": 512, "crs": "WGS 84 / UTM zone 37N", "source": "Мониторинг DATA · train"}, "geometry": {"type": "Polygon", "coordinates": [[[38.88675717156723, 47.80002112309926], [39.023503251241735, 47.80007457430137], [39.02346179965447, 47.707939417263624], [38.886956892162026, 47.70788613733979], [38.88675717156723, 47.80002112309926]]]}}, {"type": "Feature", "id": "BS_tr_000182", "properties": {"id": "BS_tr_000182", "chip_id": "BS_tr_000182", "kind": "bs", "task": "bs", "split": "train", "utm_zone": 37, "gsd_m": 20.0, "width": 512, "height": 512, "crs": "WGS 84 / UTM zone 37N", "source": "Мониторинг DATA · train"}, "geometry": {"type": "Polygon", "coordinates": [[[39.99300222609867, 48.4406972320451], [40.1314336745978, 48.43941934195264], [40.129393167050175, 48.347312431925964], [39.99121126894207, 48.34858621834646], [39.99300222609867, 48.4406972320451]]]}}, {"type": "Feature", "id": "BS_tr_000183", "properties": {"id": "BS_tr_000183", "chip_id": "BS_tr_000183", "kind": "bs", "task": "bs", "split": "train", "utm_zone": 37, "gsd_m": 20.0, "width": 512, "height": 512, "crs": "WGS 84 / UTM zone 37N", "source": "Мониторинг DATA · train"}, "geometry": {"type": "Polygon", "coordinates": [[[39.712257784502086, 48.16639608519331], [39.84996085158775, 48.16546030738566], [39.84844257572014, 48.073341165812145], [39.71098543069507, 48.074273941507975], [39.712257784502086, 48.16639608519331]]]}}, {"type": "Feature", "id": "BS_tr_000184", "properties": {"id": "BS_tr_000184", "chip_id": "BS_tr_000184", "kind": "bs", "task": "bs", "split": "train", "utm_zone": 38, "gsd_m": 20.0, "width": 512, "height": 512, "crs": "WGS 84 / UTM zone 38N", "source": "Мониторинг DATA · train"}, "geometry": {"type": "Polygon", "coordinates": [[[43.220933247602495, 48.52335658170996], [43.35955639360424, 48.525415949150336], [43.36252361143742, 48.43333020715272], [43.224150896592526, 48.43127745340427], [43.220933247602495, 48.52335658170996]]]}}, {"type": "Feature", "id": "BS_tr_000185", "properties": {"id": "BS_tr_000185", "chip_id": "BS_tr_000185", "kind": "bs", "task": "bs", "split": "train", "utm_zone": 38, "gsd_m": 20.0, "width": 512, "height": 512, "crs": "WGS 84 / UTM zone 38N", "source": "Мониторинг DATA · train"}, "geometry": {"type": "Polygon", "coordinates": [[[43.27000208214453, 51.10315916920967], [43.41620084767951, 51.10523134594785], [43.41933891314019, 51.013184226763975], [43.273429482694915, 51.01111880469796], [43.27000208214453, 51.10315916920967]]]}}, {"type": "Feature", "id": "BS_tr_000186", "properties": {"id": "BS_tr_000186", "chip_id": "BS_tr_000186", "kind": "bs", "task": "bs", "split": "train", "utm_zone": 38, "gsd_m": 20.0, "width": 512, "height": 512, "crs": "WGS 84 / UTM zone 38N", "source": "Мониторинг DATA · train"}, "geometry": {"type": "Polygon", "coordinates": [[[46.256285864370724, 47.885337891139145], [46.39321757824048, 47.88375783346782], [46.3907534612427, 47.791651244773604], [46.254063768616916, 47.793226239275185], [46.256285864370724, 47.885337891139145]]]}}, {"type": "Feature", "id": "BS_tr_000187", "properties": {"id": "BS_tr_000187", "chip_id": "BS_tr_000187", "kind": "bs", "task": "bs", "split": "train", "utm_zone": 37, "gsd_m": 20.0, "width": 512, "height": 512, "crs": "WGS 84 / UTM zone 37N", "source": "Мониторинг DATA · train"}, "geometry": {"type": "Polygon", "coordinates": [[[41.70008178186871, 46.66248822616472], [41.83377248222093, 46.65925279613597], [41.82897182210276, 46.567211863183005], [41.69550691961305, 46.57043696742472], [41.70008178186871, 46.66248822616472]]]}}, {"type": "Feature", "id": "BS_tr_000188", "properties": {"id": "BS_tr_000188", "chip_id": "BS_tr_000188", "kind": "bs", "task": "bs", "split": "train", "utm_zone": 37, "gsd_m": 20.0, "width": 512, "height": 512, "crs": "WGS 84 / UTM zone 37N", "source": "Мониторинг DATA · train"}, "geometry": {"type": "Polygon", "coordinates": [[[39.43840627626326, 48.35202139698708], [39.576616627690804, 48.351411639788324], [39.57557987063384, 48.259290023428164], [39.43761799910764, 48.25989782294964], [39.43840627626326, 48.35202139698708]]]}}, {"type": "Feature", "id": "BS_tr_000189", "properties": {"id": "BS_tr_000189", "chip_id": "BS_tr_000189", "kind": "bs", "task": "bs", "split": "train", "utm_zone": 37, "gsd_m": 20.0, "width": 512, "height": 512, "crs": "WGS 84 / UTM zone 37N", "source": "Мониторинг DATA · train"}, "geometry": {"type": "Polygon", "coordinates": [[[40.267564819500784, 48.34587270054193], [40.40572497443099, 48.344267056595484], [40.40319832132374, 48.2521683750693], [40.265286325298135, 48.253768865291356], [40.267564819500784, 48.34587270054193]]]}}, {"type": "Feature", "id": "BS_tr_000190", "properties": {"id": "BS_tr_000190", "chip_id": "BS_tr_000190", "kind": "bs", "task": "bs", "split": "train", "utm_zone": 38, "gsd_m": 20.0, "width": 512, "height": 512, "crs": "WGS 84 / UTM zone 38N", "source": "Мониторинг DATA · train"}, "geometry": {"type": "Polygon", "coordinates": [[[43.11255327658983, 51.37699341538627], [43.259610764337594, 51.37927052075458], [43.26309284956878, 51.2872350273926], [43.11632917922097, 51.284965359520456], [43.11255327658983, 51.37699341538627]]]}}, {"type": "Feature", "id": "BS_tr_000191", "properties": {"id": "BS_tr_000191", "chip_id": "BS_tr_000191", "kind": "bs", "task": "bs", "split": "train", "utm_zone": 37, "gsd_m": 20.0, "width": 512, "height": 512, "crs": "WGS 84 / UTM zone 37N", "source": "Мониторинг DATA · train"}, "geometry": {"type": "Polygon", "coordinates": [[[39.83511408708998, 47.24420044920399], [39.970405169220285, 47.24313449503021], [39.96872678092134, 47.15100354940529], [39.83366962336247, 47.15206609374904], [39.83511408708998, 47.24420044920399]]]}}, {"type": "Feature", "id": "BS_tr_000192", "properties": {"id": "BS_tr_000192", "chip_id": "BS_tr_000192", "kind": "bs", "task": "bs", "split": "train", "utm_zone": 37, "gsd_m": 20.0, "width": 512, "height": 512, "crs": "WGS 84 / UTM zone 37N", "source": "Мониторинг DATA · train"}, "geometry": {"type": "Polygon", "coordinates": [[[40.38101892915861, 47.42320908102927], [40.51674053935522, 47.421493523426484], [40.51410100886039, 47.32938452041515], [40.37861539874419, 47.3310945886754], [40.38101892915861, 47.42320908102927]]]}}, {"type": "Feature", "id": "BS_tr_000193", "properties": {"id": "BS_tr_000193", "chip_id": "BS_tr_000193", "kind": "bs", "task": "bs", "split": "train", "utm_zone": 37, "gsd_m": 20.0, "width": 512, "height": 512, "crs": "WGS 84 / UTM zone 37N", "source": "Мониторинг DATA · train"}, "geometry": {"type": "Polygon", "coordinates": [[[39.023628856508246, 48.07647113080052], [39.16110551682811, 48.07636062366447], [39.16081862229907, 47.98423027785828], [39.02358677834319, 47.98434043055409], [39.023628856508246, 48.07647113080052]]]}}, {"type": "Feature", "id": "BS_tr_000194", "properties": {"id": "BS_tr_000194", "chip_id": "BS_tr_000194", "kind": "bs", "task": "bs", "split": "train", "utm_zone": 38, "gsd_m": 20.0, "width": 512, "height": 512, "crs": "WGS 84 / UTM zone 38N", "source": "Мониторинг DATA · train"}, "geometry": {"type": "Polygon", "coordinates": [[[42.528086937052166, 48.510558345186446], [42.66661606753197, 48.51345132582752], [42.67083431495753, 48.4214040009687], [42.53255501213285, 48.418520306683604], [42.528086937052166, 48.510558345186446]]]}}, {"type": "Feature", "id": "BS_tr_000195", "properties": {"id": "BS_tr_000195", "chip_id": "BS_tr_000195", "kind": "bs", "task": "bs", "split": "train", "utm_zone": 37, "gsd_m": 20.0, "width": 512, "height": 512, "crs": "WGS 84 / UTM zone 37N", "source": "Мониторинг DATA · train"}, "geometry": {"type": "Polygon", "coordinates": [[[39.70595924845709, 47.70577026729448], [39.842444923524326, 47.70484939446313], [39.84096413545434, 47.61272264898236], [39.70471831180529, 47.61364057213611], [39.70595924845709, 47.70577026729448]]]}}, {"type": "Feature", "id": "BS_tr_000196", "properties": {"id": "BS_tr_000196", "chip_id": "BS_tr_000196", "kind": "bs", "task": "bs", "split": "train", "utm_zone": 38, "gsd_m": 20.0, "width": 512, "height": 512, "crs": "WGS 84 / UTM zone 38N", "source": "Мониторинг DATA · train"}, "geometry": {"type": "Polygon", "coordinates": [[[43.329042235200454, 49.446184374767796], [43.47025668211093, 49.448138879317106], [43.473114933806414, 49.35606301771027], [43.33216405347165, 49.35411481778867], [43.329042235200454, 49.446184374767796]]]}}, {"type": "Feature", "id": "BS_tr_000197", "properties": {"id": "BS_tr_000197", "chip_id": "BS_tr_000197", "kind": "bs", "task": "bs", "split": "train", "utm_zone": 37, "gsd_m": 20.0, "width": 512, "height": 512, "crs": "WGS 84 / UTM zone 37N", "source": "Мониторинг DATA · train"}, "geometry": {"type": "Polygon", "coordinates": [[[39.293381244195146, 47.15472392373258], [39.428459991583594, 47.154298350692436], [39.42772120499792, 47.06215533319265], [39.29287536170256, 47.06257954504721], [39.293381244195146, 47.15472392373258]]]}}, {"type": "Feature", "id": "BS_tr_000198", "properties": {"id": "BS_tr_000198", "chip_id": "BS_tr_000198", "kind": "bs", "task": "bs", "split": "train", "utm_zone": 38, "gsd_m": 20.0, "width": 512, "height": 512, "crs": "WGS 84 / UTM zone 38N", "source": "Мониторинг DATA · train"}, "geometry": {"type": "Polygon", "coordinates": [[[43.54204858831508, 51.75144970303925], [43.690349245864425, 51.75319589661987], [43.69300495666816, 51.66114789828403], [43.5450047776061, 51.65940742643095], [43.54204858831508, 51.75144970303925]]]}}, {"type": "Feature", "id": "BS_tr_000199", "properties": {"id": "BS_tr_000199", "chip_id": "BS_tr_000199", "kind": "bs", "task": "bs", "split": "train", "utm_zone": 37, "gsd_m": 20.0, "width": 512, "height": 512, "crs": "WGS 84 / UTM zone 37N", "source": "Мониторинг DATA · train"}, "geometry": {"type": "Polygon", "coordinates": [[[41.67748435467195, 48.87448915018693], [41.81696911452371, 48.87116342120079], [41.811812950177206, 48.779156750364706], [41.672582741263376, 48.782471790025696], [41.67748435467195, 48.87448915018693]]]}}, {"type": "Feature", "id": "BS_tr_000200", "properties": {"id": "BS_tr_000200", "chip_id": "BS_tr_000200", "kind": "bs", "task": "bs", "split": "train", "utm_zone": 38, "gsd_m": 20.0, "width": 512, "height": 512, "crs": "WGS 84 / UTM zone 38N", "source": "Мониторинг DATA · train"}, "geometry": {"type": "Polygon", "coordinates": [[[45.454169987046946, 50.10208642089816], [45.59734932508571, 50.10143807524368], [45.59620705644654, 50.00934485190591], [45.45330148359681, 50.009991097640444], [45.454169987046946, 50.10208642089816]]]}}, {"type": "Feature", "id": "BS_tr_000201", "properties": {"id": "BS_tr_000201", "chip_id": "BS_tr_000201", "kind": "bs", "task": "bs", "split": "train", "utm_zone": 37, "gsd_m": 20.0, "width": 512, "height": 512, "crs": "WGS 84 / UTM zone 37N", "source": "Мониторинг DATA · train"}, "geometry": {"type": "Polygon", "coordinates": [[[39.978923195817934, 47.703766213110626], [40.11539286696452, 47.70252074715702], [40.113432523171404, 47.610401460181436], [39.977202602858384, 47.611642937071046], [39.978923195817934, 47.703766213110626]]]}}, {"type": "Feature", "id": "BS_tr_000202", "properties": {"id": "BS_tr_000202", "chip_id": "BS_tr_000202", "kind": "bs", "task": "bs", "split": "train", "utm_zone": 37, "gsd_m": 20.0, "width": 512, "height": 512, "crs": "WGS 84 / UTM zone 37N", "source": "Мониторинг DATA · train"}, "geometry": {"type": "Polygon", "coordinates": [[[39.29858073493136, 48.07608564318992], [39.43605328021079, 48.07564619551791], [39.43527678823914, 47.983518141129984], [39.298049033195674, 47.98395617934872], [39.29858073493136, 48.07608564318992]]]}}, {"type": "Feature", "id": "BS_tr_000203", "properties": {"id": "BS_tr_000203", "chip_id": "BS_tr_000203", "kind": "bs", "task": "bs", "split": "train", "utm_zone": 38, "gsd_m": 20.0, "width": 512, "height": 512, "crs": "WGS 84 / UTM zone 38N", "source": "Мониторинг DATA · train"}, "geometry": {"type": "Polygon", "coordinates": [[[44.88512286775244, 48.53704753176064], [45.023842447564384, 48.53710237524108], [45.023799298077826, 48.44497909200195], [44.88533076908398, 48.44492442473971], [44.88512286775244, 48.53704753176064]]]}}, {"type": "Feature", "id": "BS_tr_000204", "properties": {"id": "BS_tr_000204", "chip_id": "BS_tr_000204", "kind": "bs", "task": "bs", "split": "train", "utm_zone": 38, "gsd_m": 20.0, "width": 512, "height": 512, "crs": "WGS 84 / UTM zone 38N", "source": "Мониторинг DATA · train"}, "geometry": {"type": "Polygon", "coordinates": [[[43.34143440864576, 49.077896429498765], [43.481602609615585, 49.079825855023806], [43.48440312483013, 48.98774360850804], [43.344493172611976, 48.98582039515835], [43.34143440864576, 49.077896429498765]]]}}, {"type": "Feature", "id": "BS_tr_000205", "properties": {"id": "BS_tr_000205", "chip_id": "BS_tr_000205", "kind": "bs", "task": "bs", "split": "train", "utm_zone": 37, "gsd_m": 20.0, "width": 512, "height": 512, "crs": "WGS 84 / UTM zone 37N", "source": "Мониторинг DATA · train"}, "geometry": {"type": "Polygon", "coordinates": [[[40.90725129090497, 46.954919474143466], [41.04174672736493, 46.952599219747825], [41.03825157387061, 46.86050885372631], [40.90398602134659, 46.862821694522054], [40.90725129090497, 46.954919474143466]]]}}, {"type": "Feature", "id": "BS_tr_000206", "properties": {"id": "BS_tr_000206", "chip_id": "BS_tr_000206", "kind": "bs", "task": "bs", "split": "train", "utm_zone": 37, "gsd_m": 20.0, "width": 512, "height": 512, "crs": "WGS 84 / UTM zone 37N", "source": "Мониторинг DATA · train"}, "geometry": {"type": "Polygon", "coordinates": [[[39.707206389155395, 47.79789845147732], [39.843933114437185, 47.7969746186238], [39.842444923524326, 47.70484939446313], [39.70595924845709, 47.70577026729448], [39.707206389155395, 47.79789845147732]]]}}, {"type": "Feature", "id": "BS_tr_000207", "properties": {"id": "BS_tr_000207", "chip_id": "BS_tr_000207", "kind": "bs", "task": "bs", "split": "train", "utm_zone": 38, "gsd_m": 20.0, "width": 512, "height": 512, "crs": "WGS 84 / UTM zone 38N", "source": "Мониторинг DATA · train"}, "geometry": {"type": "Polygon", "coordinates": [[[45.578705874863346, 48.5356503746167], [45.71741165557917, 48.53486957192229], [45.71611343644987, 48.44275346262273], [45.57765861784296, 48.443531756689474], [45.578705874863346, 48.5356503746167]]]}}, {"type": "Feature", "id": "BS_tr_000208", "properties": {"id": "BS_tr_000208", "chip_id": "BS_tr_000208", "kind": "bs", "task": "bs", "split": "train", "utm_zone": 38, "gsd_m": 20.0, "width": 512, "height": 512, "crs": "WGS 84 / UTM zone 38N", "source": "Мониторинг DATA · train"}, "geometry": {"type": "Polygon", "coordinates": [[[43.32590439188685, 49.538252311766904], [43.46738375684164, 49.540213144464644], [43.47025668211093, 49.448138879317106], [43.329042235200454, 49.446184374767796], [43.32590439188685, 49.538252311766904]]]}}, {"type": "Feature", "id": "BS_tr_000209", "properties": {"id": "BS_tr_000209", "chip_id": "BS_tr_000209", "kind": "bs", "task": "bs", "split": "train", "utm_zone": 37, "gsd_m": 20.0, "width": 512, "height": 512, "crs": "WGS 84 / UTM zone 37N", "source": "Мониторинг DATA · train"}, "geometry": {"type": "Polygon", "coordinates": [[[41.47185367634432, 50.35298662312509], [41.615646482338796, 50.3498394977607], [41.610602241970405, 50.25784110456394], [41.467086031990526, 50.26097803034347], [41.47185367634432, 50.35298662312509]]]}}, {"type": "Feature", "id": "BS_tr_000210", "properties": {"id": "BS_tr_000210", "chip_id": "BS_tr_000210", "kind": "bs", "task": "bs", "split": "train", "utm_zone": 37, "gsd_m": 20.0, "width": 512, "height": 512, "crs": "WGS 84 / UTM zone 37N", "source": "Мониторинг DATA · train"}, "geometry": {"type": "Polygon", "coordinates": [[[40.12736290526114, 48.255203975216205], [40.265286325298135, 48.253768865291356], [40.26301925522115, 48.16166346674413], [40.12534282371661, 48.163093971675806], [40.12736290526114, 48.255203975216205]]]}}, {"type": "Feature", "id": "BS_tr_000211", "properties": {"id": "BS_tr_000211", "chip_id": "BS_tr_000211", "kind": "bs", "task": "bs", "split": "train", "utm_zone": 37, "gsd_m": 20.0, "width": 512, "height": 512, "crs": "WGS 84 / UTM zone 37N", "source": "Мониторинг DATA · train"}, "geometry": {"type": "Polygon", "coordinates": [[[39.30019194587416, 48.35246510321468], [39.43840627626326, 48.35202139698708], [39.43761799910764, 48.25989782294964], [39.299652174071994, 48.26034010459153], [39.30019194587416, 48.35246510321468]]]}}, {"type": "Feature", "id": "BS_tr_000212", "properties": {"id": "BS_tr_000212", "chip_id": "BS_tr_000212", "kind": "bs", "task": "bs", "split": "train", "utm_zone": 38, "gsd_m": 20.0, "width": 512, "height": 512, "crs": "WGS 84 / UTM zone 38N", "source": "Мониторинг DATA · train"}, "geometry": {"type": "Polygon", "coordinates": [[[44.06962846641448, 47.61203233526856], [44.205869596868745, 47.61305643479671], [44.2072609940225, 47.52092709890529], [44.0712584942963, 47.519906278702315], [44.06962846641448, 47.61203233526856]]]}}, {"type": "Feature", "id": "BS_tr_000213", "properties": {"id": "BS_tr_000213", "chip_id": "BS_tr_000213", "kind": "bs", "task": "bs", "split": "train", "utm_zone": 37, "gsd_m": 20.0, "width": 512, "height": 512, "crs": "WGS 84 / UTM zone 37N", "source": "Мониторинг DATA · train"}, "geometry": {"type": "Polygon", "coordinates": [[[39.16024912338238, 47.799965126740716], [39.29699358053717, 47.79969278284164], [39.296469796119545, 47.70755884920335], [39.15996650092103, 47.70783032041479], [39.16024912338238, 47.799965126740716]]]}}, {"type": "Feature", "id": "BS_tr_000214", "properties": {"id": "BS_tr_000214", "chip_id": "BS_tr_000214", "kind": "bs", "task": "bs", "split": "train", "utm_zone": 37, "gsd_m": 20.0, "width": 512, "height": 512, "crs": "WGS 84 / UTM zone 37N", "source": "Мониторинг DATA · train"}, "geometry": {"type": "Polygon", "coordinates": [[[41.04878898335518, 47.13677488498456], [41.18373010313019, 47.134280842612], [41.17996822894202, 47.04220182628215], [41.0452591614315, 47.04468789715531], [41.04878898335518, 47.13677488498456]]]}}, {"type": "Feature", "id": "BS_tr_000215", "properties": {"id": "BS_tr_000215", "chip_id": "BS_tr_000215", "kind": "bs", "task": "bs", "split": "train", "utm_zone": 37, "gsd_m": 20.0, "width": 512, "height": 512, "crs": "WGS 84 / UTM zone 37N", "source": "Мониторинг DATA · train"}, "geometry": {"type": "Polygon", "coordinates": [[[41.17622488346284, 46.95012109319637], [41.31068462539419, 46.947485147979556], [41.306730030060486, 46.855411120024115], [41.172499952391526, 46.858038644499985], [41.17622488346284, 46.95012109319637]]]}}, {"type": "Feature", "id": "BS_tr_000216", "properties": {"id": "BS_tr_000216", "chip_id": "BS_tr_000216", "kind": "bs", "task": "bs", "split": "train", "utm_zone": 38, "gsd_m": 20.0, "width": 512, "height": 512, "crs": "WGS 84 / UTM zone 38N", "source": "Мониторинг DATA · train"}, "geometry": {"type": "Polygon", "coordinates": [[[47.22636732093874, 48.14703639104839], [47.36391839995315, 48.14428829226542], [47.35969991837806, 48.052237044623524], [47.22239379497401, 48.05497633400015], [47.22636732093874, 48.14703639104839]]]}}, {"type": "Feature", "id": "BS_tr_000217", "properties": {"id": "BS_tr_000217", "chip_id": "BS_tr_000217", "kind": "bs", "task": "bs", "split": "train", "utm_zone": 38, "gsd_m": 20.0, "width": 512, "height": 512, "crs": "WGS 84 / UTM zone 38N", "source": "Мониторинг DATA · train"}, "geometry": {"type": "Polygon", "coordinates": [[[45.85766784502549, 48.62603322328457], [45.99661135292306, 48.6249146644609], [45.99480223457631, 48.53280671399237], [45.8561108653679, 48.53392167789439], [45.85766784502549, 48.62603322328457]]]}}, {"type": "Feature", "id": "BS_tr_000218", "properties": {"id": "BS_tr_000218", "chip_id": "BS_tr_000218", "kind": "bs", "task": "bs", "split": "train", "utm_zone": 38, "gsd_m": 20.0, "width": 512, "height": 512, "crs": "WGS 84 / UTM zone 38N", "source": "Мониторинг DATA · train"}, "geometry": {"type": "Polygon", "coordinates": [[[42.381248672379755, 45.92707592572654], [42.51319203286473, 45.93002525232672], [42.51729956033138, 45.83794663659681], [42.38557354370259, 45.83500671492077], [42.381248672379755, 45.92707592572654]]]}}, {"type": "Feature", "id": "BS_tr_000219", "properties": {"id": "BS_tr_000219", "chip_id": "BS_tr_000219", "kind": "bs", "task": "bs", "split": "train", "utm_zone": 37, "gsd_m": 20.0, "width": 512, "height": 512, "crs": "WGS 84 / UTM zone 37N", "source": "Мониторинг DATA · train"}, "geometry": {"type": "Polygon", "coordinates": [[[40.933963229490914, 47.69164176522537], [41.07033918671631, 47.689261277320206], [41.06670273169558, 47.59718444698889], [40.930565936667385, 47.59955731417838], [40.933963229490914, 47.69164176522537]]]}}, {"type": "Feature", "id": "BS_tr_000220", "properties": {"id": "BS_tr_000220", "chip_id": "BS_tr_000220", "kind": "bs", "task": "bs", "split": "train", "utm_zone": 37, "gsd_m": 20.0, "width": 512, "height": 512, "crs": "WGS 84 / UTM zone 37N", "source": "Мониторинг DATA · train"}, "geometry": {"type": "Polygon", "coordinates": [[[38.8865564510334, 47.89215462214564], [39.02354491036478, 47.892208245228844], [39.023503251241735, 47.80007457430137], [38.88675717156723, 47.80002112309926], [38.8865564510334, 47.89215462214564]]]}}, {"type": "Feature", "id": "BS_tr_000221", "properties": {"id": "BS_tr_000221", "chip_id": "BS_tr_000221", "kind": "bs", "task": "bs", "split": "train", "utm_zone": 38, "gsd_m": 20.0, "width": 512, "height": 512, "crs": "WGS 84 / UTM zone 38N", "source": "Мониторинг DATA · train"}, "geometry": {"type": "Polygon", "coordinates": [[[41.95517813118536, 46.46950358820747], [42.0883790857723, 46.4729750965655], [42.09327958432994, 46.380937430268126], [41.960301993822185, 46.37747699551832], [41.95517813118536, 46.46950358820747]]]}}, {"type": "Feature", "id": "BS_tr_000222", "properties": {"id": "BS_tr_000222", "chip_id": "BS_tr_000222", "kind": "bs", "task": "bs", "split": "train", "utm_zone": 37, "gsd_m": 20.0, "width": 512, "height": 512, "crs": "WGS 84 / UTM zone 37N", "source": "Мониторинг DATA · train"}, "geometry": {"type": "Polygon", "coordinates": [[[40.89428609785601, 46.58651838371633], [41.027868737766084, 46.58422763368362], [41.02444165203595, 46.49213052293418], [40.891084426090245, 46.494413958839836], [40.89428609785601, 46.58651838371633]]]}}, {"type": "Feature", "id": "BS_tr_000223", "properties": {"id": "BS_tr_000223", "chip_id": "BS_tr_000223", "kind": "bs", "task": "bs", "split": "train", "utm_zone": 37, "gsd_m": 20.0, "width": 512, "height": 512, "crs": "WGS 84 / UTM zone 37N", "source": "Мониторинг DATA · train"}, "geometry": {"type": "Polygon", "coordinates": [[[41.620264265859326, 47.770159611158945], [41.75677719553307, 47.76695965505533], [41.75192267619013, 47.674930544175375], [41.61564945115907, 47.6781202586799], [41.620264265859326, 47.770159611158945]]]}}, {"type": "Feature", "id": "BS_tr_000224", "properties": {"id": "BS_tr_000224", "chip_id": "BS_tr_000224", "kind": "bs", "task": "bs", "split": "train", "utm_zone": 38, "gsd_m": 20.0, "width": 512, "height": 512, "crs": "WGS 84 / UTM zone 38N", "source": "Мониторинг DATA · train"}, "geometry": {"type": "Polygon", "coordinates": [[[45.45504299950229, 50.194180264360426], [45.5984975238336, 50.19352981075931], [45.59734932508571, 50.10143807524368], [45.454169987046946, 50.10208642089816], [45.45504299950229, 50.194180264360426]]]}}]}